Mutation Type,Trinucleotide,Sample1,Sample10,Sample20,Sample30,Sample40,Sample50,Sample60,Sample70,Sample80,Sample90,Sample050,Sample150,Sample250,Sample350,Sample450,Sample550,Sample650,Sample750,Sample850,Sample950,Sample0100,Sample1100,Sample2100,Sample3100,Sample4100,Sample5100,Sample6100,Sample7100,Sample8100,Sample9100,Sample0150,Sample1150,Sample2150,Sample3150,Sample4150,Sample5150,Sample6150,Sample7150,Sample8150,Sample9150,Sample0200,Sample1200,Sample2200,Sample3200,Sample4200,Sample5200,Sample6200,Sample7200,Sample8200,Sample9200,Sample0250,Sample1250,Sample2250,Sample3250,Sample4250,Sample5250,Sample6250,Sample7250,Sample8250,Sample9250,Sample0300,Sample1300,Sample2300,Sample3300,Sample4300,Sample5300,Sample6300,Sample7300,Sample8300,Sample9300,Sample0350,Sample1350,Sample2350,Sample3350,Sample4350,Sample5350,Sample6350,Sample7350,Sample8350,Sample9350,Sample0400,Sample1400,Sample2400,Sample3400,Sample4400,Sample5400,Sample6400,Sample7400,Sample8400,Sample9400,Sample0450,Sample1450,Sample2450,Sample3450,Sample4450,Sample5450,Sample6450,Sample7450,Sample8450,Sample9450,Sample0500,Sample1500,Sample2500,Sample3500,Sample4500,Sample5500,Sample6500,Sample7500,Sample8500,Sample9500,Sample0550,Sample1550,Sample2550,Sample3550,Sample4550,Sample5550,Sample6550,Sample7550,Sample8550,Sample9550,Sample0600,Sample1600,Sample2600,Sample3600,Sample4600,Sample5600,Sample6600,Sample7600,Sample8600,Sample9600,Sample0650,Sample1650,Sample2650,Sample3650,Sample4650,Sample5650,Sample6650,Sample7650,Sample8650,Sample9650,Sample0700,Sample1700,Sample2700,Sample3700,Sample4700,Sample5700,Sample6700,Sample7700,Sample8700,Sample9700,Sample0750,Sample1750,Sample2750,Sample3750,Sample4750,Sample5750,Sample6750,Sample7750,Sample8750,Sample9750,Sample0800,Sample1800,Sample2800,Sample3800,Sample4800,Sample5800,Sample6800,Sample7800,Sample8800,Sample9800,Sample0850,Sample1850,Sample2850,Sample3850,Sample4850,Sample5850,Sample6850,Sample7850,Sample8850,Sample9850,Sample0900,Sample1900,Sample2900,Sample3900,Sample4900,Sample5900,Sample6900,Sample7900,Sample8900,Sample9900,Sample0950,Sample1950,Sample2950,Sample3950,Sample4950,Sample5950,Sample6950,Sample7950,Sample8950,Sample9950,Sample01000,Sample11000,Sample21000,Sample31000,Sample41000,Sample51000,Sample61000,Sample71000,Sample81000,Sample91000,Sample01050,Sample11050,Sample21050,Sample31050,Sample41050,Sample51050,Sample61050,Sample71050,Sample81050,Sample91050,Sample01100,Sample11100,Sample21100,Sample31100,Sample41100,Sample51100,Sample61100,Sample71100,Sample81100,Sample91100,Sample01150,Sample11150,Sample21150,Sample31150,Sample41150,Sample51150,Sample61150,Sample71150,Sample81150,Sample91150,Sample01200,Sample11200,Sample21200,Sample31200,Sample41200,Sample51200,Sample61200,Sample71200,Sample81200,Sample91200,Sample01250,Sample11250,Sample21250,Sample31250,Sample41250,Sample51250,Sample61250,Sample71250,Sample81250,Sample91250,Sample01300,Sample11300,Sample21300,Sample31300,Sample41300,Sample51300,Sample61300,Sample71300,Sample81300,Sample91300,Sample01350,Sample11350,Sample21350,Sample31350,Sample41350,Sample51350,Sample61350,Sample71350,Sample81350,Sample91350,Sample01400,Sample11400,Sample21400,Sample31400,Sample41400,Sample51400,Sample61400,Sample71400,Sample81400,Sample91400,Sample01450,Sample11450,Sample21450,Sample31450,Sample41450,Sample51450,Sample61450,Sample71450,Sample81450,Sample91450,Sample01500,Sample11500,Sample21500,Sample31500,Sample41500,Sample51500,Sample61500,Sample71500,Sample81500,Sample91500,Sample01550,Sample11550,Sample21550,Sample31550,Sample41550,Sample51550,Sample61550,Sample71550,Sample81550,Sample91550,Sample01600,Sample11600,Sample21600,Sample31600,Sample41600,Sample51600,Sample61600,Sample71600,Sample81600,Sample91600,Sample01650,Sample11650,Sample21650,Sample31650,Sample41650,Sample51650,Sample61650,Sample71650,Sample81650,Sample91650
C>A,ACC,0,1,0,0,0,1,0,0,0,0,0,1,0,0,0,0,1,0,0,0,3,1,0,1,1,0,0,0,2,1,0,0,0,0,0,0,0,0,0,0,1,0,0,0,0,0,0,0,0,1,0,2,2,0,0,1,1,0,2,0,2,2,8,5,3,4,5,1,5,3,0,0,0,0,1,0,0,0,0,0,1,1,1,2,0,1,1,0,1,0,0,0,0,0,0,0,0,0,0,1,0,0,0,0,0,0,0,0,0,0,3,2,0,0,1,0,2,0,2,2,155,141,162,125,149,135,138,142,138,135,0,0,0,1,0,0,0,1,1,0,0,0,0,1,1,0,0,0,0,0,0,0,0,2,0,1,0,1,1,0,0,0,0,0,0,0,0,0,0,0,17,12,18,24,20,20,14,24,18,21,5,5,2,1,6,4,5,9,4,5,15,9,8,9,7,9,6,9,4,7,0,0,0,0,0,0,0,0,0,0,0,0,0,0,0,0,0,0,0,0,0,0,0,0,0,0,0,0,0,0,0,0,0,0,0,0,0,0,0,0,1,0,0,0,0,0,1,0,0,0,0,0,0,0,0,0,0,0,0,0,0,0,0,0,0,0,0,0,0,0,0,0,0,0,0,0,0,0,0,0,0,0,0,0,0,0,0,0,0,0,0,0,0,0,0,0,0,0,0,0,0,0,0,0,0,0,0,0,0,0,0,0,0,0,0,0,0,0,0,0,15,9,7,9,7,9,7,8,3,7,0,0,0,0,0,0,0,0,0,0
C>A,GCA,0,0,0,0,0,0,0,0,0,0,0,0,0,0,0,0,0,0,0,0,0,0,0,0,0,0,0,0,0,0,0,0,0,0,0,0,0,0,0,0,0,0,0,0,0,0,0,0,0,0,0,0,0,0,0,0,1,1,0,1,0,0,0,0,0,0,1,0,0,0,1,0,0,0,0,0,0,0,0,0,0,0,0,0,0,0,0,0,0,0,15,9,8,9,7,9,6,9,3,8,0,0,0,0,0,0,0,0,0,0,14,18,21,24,24,19,26,17,21,18,0,0,0,0,0,0,0,0,0,0,0,0,0,0,0,0,0,0,0,0,0,0,0,0,0,0,0,0,0,0,0,0,0,0,0,0,0,0,0,0,18,10,10,13,8,10,6,9,6,9,0,0,0,0,0,1,0,0,0,1,17,14,9,11,10,12,8,10,8,12,0,0,0,0,0,0,0,0,0,0,7,10,11,6,4,11,9,7,10,4,0,0,1,1,0,0,1,0,1,0,0,0,0,0,0,0,0,0,0,1,0,0,0,0,0,0,0,0,0,0,0,0,0,0,0,1,0,0,0,0,0,0,0,0,0,0,0,0,0,0,0,0,0,0,0,0,0,0,0,0,0,0,0,0,0,0,0,0,0,0,0,0,0,0,0,0,0,0,0,0,0,0,0,0,0,0,2,0,1,0,0,0,0,0,0,0,0,0,0,0,0,0,0,0,0,0,1,0,1,0,0,0,0,0,0,0,0,0,0,0,0,0,0,0,0,0,0,0,0,0
C>A,ACA,0,0,0,1,0,0,0,0,0,0,0,0,0,0,1,0,1,1,0,0,30,33,25,21,16,22,22,23,17,23,2,1,1,5,7,0,2,5,2,1,0,0,0,0,0,0,0,0,0,0,0,0,1,3,1,0,0,0,0,0,933,944,952,936,952,939,953,948,950,963,0,0,0,0,0,0,0,0,0,0,18,25,14,17,26,19,15,18,19,16,1,1,2,4,4,2,1,0,2,3,242,240,244,230,226,260,240,248,248,223,44,49,46,41,36,33,42,35,35,43,40,32,45,28,45,39,40,38,46,41,22,17,18,10,15,19,15,15,15,14,31,23,28,24,18,21,16,14,19,16,0,1,0,0,2,0,1,0,1,0,0,0,0,0,0,0,0,0,0,0,0,0,0,0,0,0,2,0,0,0,0,0,0,0,0,0,0,0,0,0,4,1,5,2,3,2,4,6,5,6,0,0,0,0,0,0,0,0,0,0,0,0,0,0,0,0,0,0,0,0,21,12,11,13,11,14,11,11,8,11,15,9,7,9,7,9,6,8,4,7,0,0,0,0,0,0,0,0,0,0,0,0,0,0,0,0,0,0,0,0,1,0,0,0,0,0,0,0,0,0,15,9,7,9,8,9,6,8,3,7,15,10,7,9,8,9,7,10,3,8,0,0,0,0,0,0,0,0,0,0,1,2,0,3,0,0,1,0,1,0,0,0,0,0,0,0,0,0,0,0,18,10,7,9,8,10,7,9,4,7,0,0,0,0,0,0,0,0,0,0
C>A,ACG,0,0,0,0,0,0,0,0,0,0,0,0,0,0,0,0,0,0,0,0,0,0,0,0,0,0,0,0,0,0,0,0,0,0,0,0,0,0,0,0,0,0,0,0,0,0,0,0,0,0,78,64,79,66,83,70,79,64,70,68,0,0,0,0,0,0,0,0,0,0,0,0,0,0,0,0,0,0,0,0,2,1,1,3,2,0,5,1,2,0,0,0,0,0,0,0,0,0,0,0,0,0,0,0,0,0,0,0,0,0,0,0,0,0,0,0,0,0,0,0,0,0,0,0,0,0,0,0,0,0,0,0,0,0,0,0,0,0,0,0,5,8,8,1,5,13,6,7,5,8,0,0,0,0,0,0,0,0,0,0,23,29,28,18,21,20,25,25,26,19,0,0,0,0,0,0,1,0,0,0,0,0,0,0,0,0,0,0,0,0,0,0,0,0,0,0,0,0,0,0,0,0,0,0,0,0,0,0,0,0,15,9,7,9,7,9,6,9,5,8,0,0,0,0,0,0,0,0,0,0,0,0,0,0,0,0,0,0,0,0,0,0,0,0,0,0,0,0,0,0,0,0,0,0,0,0,0,0,0,0,0,0,0,0,0,0,0,0,0,0,0,0,0,0,0,0,0,0,0,0,18,12,9,9,8,13,7,9,6,9,0,0,0,0,0,0,0,0,0,0,0,0,0,0,0,0,0,0,0,0,0,0,0,0,0,0,0,0,0,0,0,0,0,0,0,0,0,0,0,0,10,6,8,6,2,12,9,5,8,5
C>A,GCG,0,0,0,0,0,0,0,0,0,0,0,0,0,0,0,0,0,0,0,0,0,0,0,0,0,0,0,0,0,0,0,0,0,0,0,0,0,0,0,0,0,0,0,0,0,0,0,0,0,0,0,0,0,0,0,0,0,0,0,0,35,44,38,42,22,34,38,49,23,29,0,0,0,0,0,0,0,0,0,0,0,0,0,0,0,0,0,0,0,0,0,0,0,0,0,0,0,0,0,0,0,0,0,0,0,0,0,0,0,0,0,0,0,0,0,0,0,0,0,0,0,0,0,0,0,0,0,0,0,0,0,0,0,0,0,0,0,0,0,0,0,0,0,0,0,0,0,0,0,0,0,0,0,0,0,0,0,0,0,0,0,0,0,0,0,0,0,0,0,0,0,0,0,0,0,0,0,0,0,0,0,0,0,0,0,0,0,0,0,0,0,0,0,0,0,0,0,0,0,0,0,0,0,0,0,0,0,0,0,0,0,0,0,0,0,0,0,0,0,0,0,0,0,0,0,0,0,0,0,0,0,0,0,0,0,0,0,0,0,0,0,0,0,0,0,0,0,0,0,0,0,0,0,0,0,0,0,0,0,0,0,0,0,0,0,0,0,0,0,0,0,0,0,0,0,0,0,0,0,0,0,0,0,0,0,0,0,0,0,0,0,0,0,0,0,0,0,0,0,0,0,0,0,0,0,0,0,0,0,0,0,0,0,0,0,0,0,0,0,0,0,0,0,0,0,0,0,0,0,0,0,0,0,0,0,0,0,0,0,0
C>A,CCT,1,1,1,0,0,1,0,0,1,1,0,0,0,0,0,0,0,0,0,0,0,0,0,1,0,0,0,0,0,0,0,0,0,0,0,0,0,0,0,0,0,0,0,0,0,0,0,0,0,0,0,0,0,0,0,0,0,0,0,0,0,0,0,0,0,0,0,0,0,0,44,43,47,53,45,54,50,45,49,51,4,2,2,3,3,2,2,5,2,4,0,0,0,0,0,0,0,0,0,1,0,0,0,0,0,0,0,0,0,0,0,0,0,2,0,0,0,0,0,0,15,9,7,9,7,9,6,8,3,7,15,9,12,11,18,13,9,9,9,22,2,1,3,2,1,3,3,0,2,1,0,0,0,0,0,0,0,0,0,0,0,0,0,0,0,0,0,1,1,0,0,0,0,0,0,0,0,0,0,0,0,0,0,0,0,0,0,0,0,0,0,0,0,0,0,0,0,0,0,0,0,0,0,0,0,0,0,0,0,0,0,0,0,0,0,0,0,0,0,0,0,0,0,0,0,0,0,0,0,0,0,0,0,0,0,0,0,0,0,0,1,2,0,0,0,0,0,2,1,0,16,11,9,11,7,9,7,8,3,7,0,0,0,0,0,0,0,0,0,0,0,0,0,0,0,0,0,0,0,0,5,5,5,6,2,4,4,5,3,4,0,0,0,0,0,0,0,0,0,0,0,0,0,0,0,0,0,0,0,0,0,0,0,0,0,0,0,0,0,0,1,0,0,0,0,0,0,1,0,0,0,0,0,0,0,0,0,0,0,0
C>A,TCT,18,13,22,9,11,19,19,17,13,14,0,0,0,0,0,0,0,1,0,0,4,4,3,3,3,4,4,3,5,3,0,1,2,2,4,2,1,1,1,1,0,0,1,2,0,0,0,0,2,1,0,0,1,0,0,0,0,2,0,0,3,1,0,1,0,3,1,0,0,1,30,34,37,38,30,30,23,21,37,26,4,1,0,4,0,4,1,2,1,0,31,27,35,19,24,26,35,31,23,24,15,20,24,19,15,15,13,17,20,20,0,1,0,0,0,0,0,0,0,0,2,2,0,0,0,0,1,1,1,0,0,0,1,1,0,0,0,0,2,0,0,0,0,0,0,0,0,0,0,0,0,0,0,0,0,0,0,0,0,0,53,38,28,40,44,48,38,47,28,38,0,0,0,0,0,0,1,1,0,0,1,3,2,2,1,1,4,2,3,1,0,0,0,0,0,0,0,0,0,0,0,0,0,0,0,0,0,0,0,0,0,0,0,0,0,0,0,0,0,0,0,0,0,0,0,0,0,0,0,0,0,0,0,0,0,0,0,0,0,0,0,0,0,0,0,0,0,0,0,0,0,0,0,0,0,0,0,0,0,0,0,0,0,0,0,0,0,0,0,0,0,0,0,0,0,0,0,0,0,0,0,0,0,0,0,0,0,0,0,0,1,0,0,0,0,0,0,0,0,0,0,0,0,0,0,0,0,0,0,0,0,0,0,0,0,0,0,0,0,0,2,0,1,0,0,1,0,3,0,0,0,0,0,0,0,0,0,0,0,0
C>A,GCC,0,0,2,1,0,0,0,0,0,0,27,24,18,17,14,13,15,22,12,21,0,0,0,0,0,0,0,0,0,0,0,0,0,0,0,0,0,0,0,0,0,0,0,0,0,0,0,0,0,0,0,0,0,0,0,0,0,0,0,0,0,0,0,0,0,0,0,0,0,0,0,0,0,0,0,0,0,0,0,0,0,0,0,0,0,0,0,0,0,0,0,0,0,0,0,0,0,0,0,0,0,2,1,0,0,0,0,0,0,0,0,0,0,0,0,0,0,0,0,0,0,0,0,0,0,0,0,0,0,0,0,0,0,0,0,0,0,0,0,0,1,2,3,1,2,5,2,2,4,2,0,0,0,0,0,0,0,0,0,0,0,0,0,0,0,0,0,0,0,0,0,0,0,0,0,0,0,0,0,0,2,2,2,3,3,7,3,1,1,3,0,0,0,0,0,0,0,0,0,0,11,10,8,4,9,9,15,8,7,5,0,0,0,0,0,0,0,0,0,0,1,0,0,0,0,0,0,0,0,0,0,0,0,0,0,0,0,0,0,0,0,0,0,0,0,0,0,0,0,0,0,0,0,0,0,0,0,0,0,0,0,0,0,0,0,0,0,0,0,0,0,0,0,0,0,0,0,0,0,0,38,31,37,24,26,30,34,32,29,23,0,1,0,0,0,1,0,3,1,0,0,0,0,0,0,0,0,0,0,0,0,0,0,0,0,0,0,0,0,0,0,0,0,0,0,0,0,0,0,0,0,0,0,0,0,0,0,0,0,0
C>A,GCT,0,0,0,0,0,0,0,0,0,0,0,0,0,0,0,0,0,0,0,0,0,0,0,0,0,0,0,0,0,0,0,0,0,0,0,0,0,0,0,0,0,0,0,0,0,0,0,0,0,0,0,0,0,0,0,0,0,0,0,0,0,0,0,1,0,0,1,1,0,0,0,0,0,0,0,0,0,0,0,0,0,0,0,0,0,0,0,0,0,0,0,0,0,0,0,0,0,0,0,0,0,0,0,0,0,0,0,0,0,0,0,0,0,0,0,0,0,0,0,0,0,0,0,0,0,0,0,0,0,0,0,0,0,0,0,0,0,0,0,0,0,0,0,0,0,0,0,0,0,0,0,1,1,0,1,2,0,0,0,0,0,0,0,0,0,0,0,0,0,0,0,0,0,0,0,0,0,0,0,0,10,4,7,6,7,10,12,7,11,7,0,0,0,0,0,0,0,0,0,0,0,0,0,0,0,0,0,0,0,0,0,0,0,0,0,0,0,0,0,0,0,0,0,0,0,0,0,0,0,0,0,0,0,0,0,0,0,0,0,0,0,0,0,0,0,0,0,0,0,0,0,0,0,0,0,0,0,0,0,0,0,0,0,0,0,0,0,0,0,0,0,0,0,0,0,0,0,0,0,0,0,0,0,0,0,0,0,0,0,0,0,0,0,0,0,0,0,0,0,0,0,0,0,0,0,0,0,0,0,0,0,0,0,0,0,0,0,0,0,0,0,0,0,0,0,0,0,0,0,0,19,10,11,13,10,11,9,10,10,8
C>A,ACT,0,0,0,1,0,0,0,0,0,0,1,0,1,1,0,2,0,0,0,0,0,0,0,0,0,0,0,0,0,0,3,1,0,4,1,0,1,2,2,2,69,51,56,51,57,56,54,50,65,47,0,0,0,0,0,0,0,0,0,0,2,3,4,2,1,6,2,3,1,1,229,212,234,231,235,246,227,252,269,253,1,0,0,2,0,2,0,0,1,2,0,0,0,0,0,0,0,0,0,0,0,0,0,0,0,0,0,0,0,0,0,0,0,0,0,1,1,0,0,1,37,24,23,26,24,23,20,25,13,21,2,0,2,2,0,2,0,2,4,0,0,0,0,0,0,0,1,0,0,0,0,0,1,0,0,0,0,0,0,0,1,0,0,0,0,0,0,0,0,0,1,0,2,1,0,1,0,1,0,0,0,1,1,0,0,0,1,0,1,1,21,20,30,21,16,19,19,18,14,20,0,0,0,0,0,0,0,0,0,0,2,2,1,0,1,0,1,2,0,1,0,0,0,1,0,0,1,0,0,0,0,0,0,0,1,0,0,0,0,0,0,0,0,0,0,0,0,0,0,0,1,0,0,0,0,0,0,0,0,0,0,0,0,0,0,0,0,0,0,0,0,0,0,0,0,0,0,0,0,0,0,0,0,0,0,0,0,0,0,0,0,0,0,0,0,0,0,0,0,0,0,0,0,0,0,0,0,0,0,0,0,0,0,0,0,0,0,0,0,0,0,0,0,0,0,0,0,0,0,0,0,0,0,0,0,0,0,0,0,0
C>A,TCG,0,0,0,0,0,0,1,0,0,0,0,0,0,0,0,0,0,0,0,0,0,0,0,0,0,0,0,0,0,0,0,0,0,0,0,0,0,0,0,0,0,0,0,0,0,0,0,0,0,0,0,0,0,0,0,0,0,0,0,0,0,0,0,0,0,0,0,0,0,0,0,0,0,0,0,0,0,0,0,0,0,0,0,0,0,0,0,0,0,0,18,22,16,21,22,21,16,29,21,20,77,85,59,69,69,71,52,61,60,82,2,6,6,6,3,3,7,5,5,5,0,0,0,0,0,0,0,0,0,0,0,0,0,0,0,0,0,0,0,0,3,2,6,2,2,3,2,5,2,2,21,14,14,12,10,11,8,12,9,10,0,0,0,0,0,0,0,0,0,0,56,49,52,40,41,43,41,48,27,52,0,0,0,0,0,0,0,0,1,0,0,0,0,0,0,0,0,0,0,0,16,14,8,13,11,10,8,8,5,9,0,0,0,0,0,0,0,0,0,0,21,25,12,19,22,26,22,17,10,17,0,0,0,0,0,0,0,0,0,0,11,7,6,9,1,5,3,4,1,3,0,0,0,0,0,0,0,0,0,0,1,2,2,1,0,2,2,3,4,0,0,0,0,0,0,0,0,0,0,0,0,0,0,0,0,0,0,0,0,0,0,0,0,0,0,0,0,0,0,0,15,9,9,9,7,10,6,8,3,7,0,0,0,0,0,0,0,0,0,0,1,0,0,0,0,0,0,0,0,0,0,0,0,0,0,0,0,0,0,0
C>A,CCG,0,0,0,0,0,0,0,0,0,0,0,0,0,0,0,1,0,0,0,0,0,0,0,0,0,0,0,0,0,0,2,1,0,0,2,2,0,0,2,0,0,0,0,0,0,0,0,0,0,0,0,0,0,0,0,0,0,0,0,0,1,0,1,0,0,0,0,0,0,0,0,0,0,0,0,0,0,0,0,0,0,0,0,0,0,0,0,0,0,0,0,0,0,0,0,0,0,0,0,0,0,0,0,0,0,0,0,0,0,0,4,2,7,3,1,7,1,5,5,3,0,0,0,0,0,0,0,0,0,0,0,0,0,0,0,0,0,0,0,0,0,0,0,0,0,0,0,0,0,0,0,0,0,0,0,0,0,0,0,0,0,0,1,0,0,0,0,0,0,0,0,0,0,0,0,0,0,0,0,0,4,0,1,1,3,1,3,2,3,4,0,0,0,0,0,0,0,0,0,0,3,1,3,4,0,1,0,2,2,2,0,0,0,0,0,0,0,0,0,0,0,0,0,0,0,0,0,0,0,0,0,0,0,0,0,0,0,0,0,0,0,0,0,0,0,0,0,0,0,0,0,0,0,0,0,0,0,0,0,0,0,0,0,0,0,0,0,0,0,0,0,0,0,0,0,0,0,0,0,0,0,0,0,0,0,0,0,0,0,0,0,0,0,0,0,0,0,0,0,0,0,0,0,0,0,0,0,0,0,0,0,0,0,0,0,0,0,0,0,0,1,4,3,4,4,2,3,2,1,4,0,0,0,0,0,0,0,0,0,0
C>A,CCA,12,24,17,9,14,25,17,14,10,14,0,1,0,0,0,0,0,0,0,0,0,0,0,0,0,0,0,0,0,0,30,39,35,30,31,32,29,23,25,25,0,0,0,0,0,0,0,0,0,0,33,33,32,29,21,26,26,25,14,19,0,0,0,0,0,0,0,0,0,0,13,12,7,8,9,7,18,11,10,16,0,0,1,0,0,0,1,0,0,0,0,1,0,1,0,1,1,0,0,0,1,4,0,5,2,4,1,1,3,1,0,0,0,0,0,0,0,0,0,0,28,23,25,22,25,26,28,22,30,29,1,1,0,1,0,0,0,0,1,1,0,0,2,1,1,0,0,0,0,0,0,0,0,0,0,0,0,0,0,0,0,0,0,0,0,0,0,0,0,0,10,14,9,15,12,17,20,14,13,12,0,0,0,0,0,0,0,0,0,0,0,1,0,1,0,0,0,0,0,0,17,11,11,11,13,11,12,10,4,12,0,0,0,0,0,0,0,0,0,0,1,1,1,1,2,2,2,1,0,2,15,9,7,9,8,10,7,9,3,7,0,0,0,0,0,0,0,1,0,0,0,0,0,0,0,0,0,0,0,0,2,0,2,1,0,1,1,1,0,0,0,0,0,0,0,0,0,0,0,0,0,0,0,0,0,0,0,0,0,0,0,0,0,0,0,0,0,0,0,0,0,0,0,0,0,0,0,0,0,0,0,0,0,0,0,0,0,0,0,0,0,0,0,0,0,0,0,0,0,0,0,0,0,0,0,0,0,0,0,0
C>A,TCC,5,0,2,5,0,3,0,0,2,2,0,0,0,0,0,0,0,0,0,0,4,6,6,6,8,6,5,9,6,6,0,0,0,0,0,0,0,0,0,0,0,0,0,0,0,0,0,0,0,0,0,0,0,0,0,0,0,0,0,0,0,0,0,0,0,0,0,0,0,0,0,0,0,0,0,0,0,0,0,0,0,0,0,0,1,1,0,0,0,1,0,0,0,1,0,0,0,0,1,0,0,4,2,7,3,2,2,1,1,2,2,2,2,3,1,1,3,1,4,2,17,16,22,24,23,27,30,24,30,27,0,1,2,0,0,0,0,1,2,0,14,17,18,8,17,16,15,8,8,14,0,0,0,0,0,0,0,0,0,0,0,0,0,0,0,0,0,0,0,0,0,0,0,0,0,1,0,0,0,0,0,0,0,0,0,0,0,0,0,0,0,0,0,0,0,0,0,0,0,0,1,0,2,2,2,0,1,1,3,0,0,0,0,0,0,0,0,0,0,0,0,3,2,4,1,1,2,3,3,1,0,0,0,0,0,0,0,0,0,0,0,0,0,0,0,0,0,0,0,0,0,0,0,0,0,0,0,0,0,0,0,0,0,0,0,0,0,0,0,0,0,0,0,0,0,0,0,0,0,0,15,11,8,10,7,9,6,9,3,7,0,0,0,0,0,0,0,0,0,0,0,0,0,0,0,0,0,0,0,0,0,0,0,0,0,0,0,0,0,0,0,0,0,0,0,0,0,0,0,0,0,0,0,0,0,0,0,0,0,0
C>A,CCC,0,0,0,0,0,0,0,0,0,0,0,0,0,0,0,0,0,0,0,0,0,0,0,0,0,0,0,0,0,0,0,0,0,0,0,0,0,0,0,0,0,0,0,0,0,0,0,0,0,0,3,5,3,7,9,4,5,7,7,4,0,0,0,0,0,0,1,0,0,0,0,0,0,0,0,0,0,0,0,0,0,0,0,0,0,0,0,0,0,0,0,0,0,0,0,0,0,0,0,0,0,0,0,0,0,0,0,0,0,0,0,0,2,2,2,1,1,0,1,0,0,0,1,1,1,0,1,0,0,0,0,0,0,0,0,0,0,0,0,0,0,0,0,0,0,0,0,0,0,0,1,0,0,0,0,0,0,0,0,1,0,0,0,0,0,0,0,0,0,0,0,0,0,0,0,0,0,0,1,0,0,0,1,0,0,0,0,0,0,0,0,0,0,0,0,0,0,0,0,0,0,0,0,0,0,0,0,0,0,0,3,2,4,6,3,5,2,1,2,6,0,0,0,0,0,0,0,0,0,0,0,0,0,0,0,0,0,0,0,0,0,0,0,0,0,0,0,0,0,0,15,9,7,10,7,9,6,8,3,8,0,0,0,0,0,0,0,0,0,0,0,0,0,0,0,0,0,0,0,0,50,32,30,31,24,35,26,38,14,24,0,0,0,0,0,0,0,0,0,0,0,0,0,0,0,0,0,0,0,0,0,0,0,0,0,0,0,0,0,0,0,0,0,0,0,0,0,0,0,0,0,0,0,0,0,0,0,0,0,0
C>A,TCA,0,0,0,0,0,0,2,0,0,1,0,3,0,0,0,0,1,0,0,0,17,11,23,16,11,24,18,15,16,18,0,0,1,0,0,0,0,0,0,0,8,4,3,3,3,1,6,7,4,8,0,0,0,2,1,0,0,0,1,0,1,0,0,0,0,0,1,0,1,0,15,10,7,9,7,9,8,8,4,7,4,2,3,2,3,2,1,3,2,0,0,0,0,1,0,0,0,0,0,0,26,24,20,16,26,25,21,23,19,16,0,0,0,0,0,0,0,0,0,0,0,0,0,0,0,0,0,0,0,0,0,0,0,0,0,0,0,0,0,0,4,3,6,11,5,11,5,6,6,4,17,13,10,12,9,10,7,11,8,11,0,0,0,0,0,0,0,0,0,0,0,0,2,0,1,1,0,1,1,0,0,0,0,0,0,0,0,0,0,0,15,9,7,10,9,9,7,8,3,7,0,0,0,0,0,0,0,0,0,1,0,0,0,0,0,0,0,0,0,0,1,0,0,0,0,0,0,0,0,0,0,0,0,0,0,0,0,0,0,0,5,6,3,5,1,5,4,4,2,5,0,1,1,0,0,1,0,1,0,0,0,0,0,0,0,0,0,0,0,0,0,0,0,0,0,0,0,0,0,0,0,0,0,0,1,0,0,0,0,0,1,1,8,0,2,1,3,0,2,2,0,1,1,2,0,1,1,1,0,0,18,10,9,9,7,9,6,9,5,9,0,0,0,0,0,0,0,0,0,0,15,10,7,10,8,10,8,11,4,8
C>G,ACC,0,1,0,1,0,0,0,0,1,0,0,1,0,0,0,0,0,1,1,0,0,0,0,0,0,0,1,1,0,0,0,0,0,0,0,0,0,0,0,0,0,0,0,0,0,0,0,0,0,0,1,4,0,0,0,2,0,0,2,2,1,0,0,0,0,0,2,1,2,0,0,0,0,0,0,0,0,0,0,0,0,0,0,0,0,1,0,0,0,0,0,1,1,1,0,0,0,0,0,1,0,0,0,0,0,0,0,0,0,0,0,0,0,0,0,0,0,0,0,0,7,7,16,8,8,11,10,7,14,6,0,0,0,0,0,0,0,0,0,0,0,0,0,0,0,0,0,0,0,0,0,0,0,0,1,0,0,0,0,0,0,0,0,0,0,0,0,0,0,0,10,8,4,3,8,10,3,5,3,9,1,0,0,0,2,0,0,2,0,0,0,1,0,1,0,0,0,0,0,0,0,0,0,0,0,0,0,0,0,0,0,0,0,0,0,0,0,0,0,0,0,0,0,0,0,0,0,0,0,0,0,0,0,0,0,0,0,0,0,0,0,0,0,0,0,0,0,0,0,0,0,0,0,0,0,0,0,0,0,0,0,0,0,0,0,0,0,0,0,0,0,0,0,0,0,0,0,0,0,0,0,0,0,0,0,0,0,0,0,0,0,0,0,0,0,0,0,0,0,0,0,0,0,0,0,0,0,0,0,0,0,0,0,0,0,0,0,0,0,0,0,0,0,0,0,0,0,0,0,0,0,0,0,0,0,0,0,0,0,0
C>G,GCA,0,0,0,0,0,0,0,0,0,0,1,0,0,1,0,0,0,0,1,0,0,0,0,0,0,0,0,0,0,0,0,0,0,0,0,0,0,0,0,0,0,0,0,0,0,0,0,0,0,0,41,29,30,29,28,30,28,26,17,15,0,0,1,0,0,0,0,0,0,0,0,0,0,1,0,0,0,1,1,0,0,0,0,0,0,0,0,0,0,0,0,0,0,0,0,0,0,0,0,0,0,0,0,0,0,0,0,0,0,0,26,27,16,23,21,17,20,22,17,24,0,0,0,0,0,0,0,0,0,0,0,0,0,0,0,0,0,0,0,0,0,0,0,0,0,0,0,0,0,0,0,0,0,0,0,0,0,0,0,0,30,29,27,27,34,28,28,20,16,22,7,3,3,2,6,3,6,1,3,4,1,2,4,2,1,3,2,0,1,6,0,0,0,0,0,0,0,0,0,0,38,37,26,32,27,37,34,25,26,32,2,1,1,0,2,3,0,0,0,1,0,0,0,0,0,0,0,0,0,0,0,0,0,0,0,0,0,0,0,0,0,0,0,0,0,0,0,1,0,0,0,0,0,0,0,0,0,0,0,0,0,0,0,0,0,0,0,0,0,0,0,0,0,0,0,0,0,0,0,0,0,0,0,0,0,0,0,0,0,0,1,0,0,0,0,0,0,0,0,0,0,0,0,0,0,0,0,2,0,0,19,16,13,13,8,11,12,12,6,13,0,0,0,0,0,0,0,0,0,0,0,0,0,0,0,0,0,0,0,0
C>G,ACA,0,0,0,0,0,0,0,0,0,0,0,0,0,0,0,0,0,0,0,1,1,0,3,2,2,3,3,2,0,2,1,1,1,0,1,0,1,0,0,0,0,0,0,0,0,0,0,0,0,0,0,0,0,0,0,0,0,0,0,0,3,3,2,1,2,3,3,5,6,1,0,0,0,0,0,0,0,0,0,0,3,3,1,0,1,6,4,3,0,5,37,51,37,45,52,43,48,41,38,55,56,38,47,46,44,33,50,47,41,67,4,3,7,4,5,3,5,4,3,3,228,209,242,217,227,211,241,184,220,211,7,5,9,4,8,3,4,7,4,5,2,2,1,4,3,4,0,3,3,3,0,0,0,0,0,1,0,0,1,0,0,0,0,0,0,0,0,0,0,0,15,9,7,9,7,9,6,8,3,7,0,0,0,0,0,0,0,0,0,0,1,3,2,3,1,0,1,4,3,2,0,0,0,0,0,0,0,0,0,0,0,0,0,0,0,0,0,0,0,0,1,2,3,3,2,4,0,2,3,0,0,0,0,0,0,0,0,0,0,0,0,0,2,0,0,0,0,0,0,0,0,0,0,0,0,0,0,0,0,0,0,0,0,0,0,0,0,0,0,0,0,0,0,1,0,0,0,0,0,0,15,12,10,14,7,10,8,9,4,10,0,0,0,0,0,0,0,0,0,0,0,0,0,0,0,0,0,0,0,0,0,0,0,0,0,0,0,0,0,0,0,0,0,0,0,0,0,0,0,0,0,0,0,0,0,0,0,0,0,0
C>G,ACG,0,0,0,0,0,0,0,0,0,0,0,0,0,0,0,0,0,0,0,0,0,0,0,0,0,0,0,0,0,0,0,0,0,0,0,0,1,0,1,1,0,0,0,0,0,0,0,0,0,0,0,1,0,0,0,0,1,1,0,1,0,0,1,0,0,0,0,0,0,0,0,0,0,0,0,0,0,0,0,0,16,12,7,9,7,9,8,9,5,7,0,0,0,0,0,0,0,0,0,0,0,0,0,0,0,0,0,0,0,0,0,0,0,0,0,0,0,0,0,0,0,0,0,0,0,0,0,0,0,0,0,0,0,0,0,0,0,0,0,0,3,5,2,2,2,4,4,1,3,2,0,0,0,0,0,0,0,0,0,0,209,238,214,244,248,250,216,222,207,223,0,0,0,0,0,0,0,0,0,0,0,0,0,0,0,0,0,0,0,0,0,0,0,0,0,0,0,0,0,0,0,0,0,0,0,0,0,0,0,0,0,0,0,0,0,0,0,0,0,0,0,0,0,0,0,0,0,0,0,0,0,0,0,0,0,0,0,0,0,0,0,0,0,0,0,0,0,0,0,0,0,0,0,0,0,0,0,0,0,0,0,0,0,0,0,0,0,0,0,0,0,0,0,0,0,0,0,0,0,0,0,1,0,0,0,0,0,0,1,0,0,0,0,0,0,0,0,0,0,0,0,0,0,0,0,0,0,0,0,0,0,0,0,0,0,0,0,0,0,0,0,0,0,0,0,0,0,0,0,0,0,0,1,0,0,0,0,0,0,0
C>G,GCG,0,0,0,0,0,0,0,0,0,0,0,0,0,0,0,0,0,0,0,0,0,0,0,0,0,0,0,0,0,0,0,0,0,0,0,0,0,0,0,0,0,0,0,0,0,0,0,0,0,0,0,0,0,0,0,0,0,0,0,0,44,39,38,36,51,42,51,43,41,57,0,0,0,0,0,0,0,0,0,0,0,0,0,0,0,0,0,0,0,0,0,0,0,0,0,0,0,0,0,0,0,0,0,0,0,0,0,0,0,0,0,0,0,0,0,0,0,0,0,0,0,0,0,0,0,0,0,0,0,0,0,0,0,0,0,0,0,0,0,0,0,0,0,0,0,0,0,0,0,0,0,0,0,0,0,0,0,0,0,0,0,0,0,0,0,0,0,0,0,0,0,0,0,0,0,0,0,0,0,0,0,0,0,0,0,0,0,0,0,0,0,0,0,0,0,0,0,0,0,0,0,0,0,0,0,0,0,0,0,0,0,0,0,0,0,0,0,0,0,0,0,0,0,0,0,0,0,0,0,0,0,0,0,0,0,0,0,0,0,0,0,0,0,0,0,0,0,0,0,0,0,0,0,0,0,0,0,0,0,0,0,0,0,0,0,0,0,0,0,0,0,0,0,0,0,0,0,0,0,0,0,0,0,0,0,0,0,0,0,0,0,0,0,0,0,0,0,0,0,0,0,0,0,0,0,0,0,0,0,0,0,0,0,0,0,0,0,0,0,0,0,0,0,0,0,0,0,0,0,0,0,0,0,0,0,0,0,0,0,0
C>G,CCT,0,2,1,1,0,0,0,0,0,0,0,0,0,0,0,0,0,0,0,0,0,0,1,0,0,0,2,0,2,2,0,0,0,0,0,0,0,0,0,0,0,0,0,0,0,0,0,0,0,0,0,0,1,0,0,0,0,0,0,0,0,0,0,0,0,1,0,1,0,0,0,4,7,3,1,1,2,1,5,2,2,3,2,0,3,3,3,0,2,1,0,0,0,0,0,0,0,0,0,0,0,0,0,0,0,0,0,0,0,0,47,43,47,43,48,28,47,39,45,40,8,10,8,2,5,8,9,9,8,12,1,0,0,0,2,0,0,0,0,0,2,3,2,1,0,6,4,1,2,1,0,0,1,0,0,0,0,0,3,0,0,1,2,1,1,1,0,1,1,0,0,0,0,1,0,0,0,0,1,0,0,0,0,0,0,0,0,0,0,0,0,0,0,0,0,0,0,0,0,0,0,0,0,0,0,0,0,0,0,0,0,0,0,0,0,0,0,0,0,0,0,0,0,0,0,0,0,0,0,0,0,0,0,0,0,0,0,0,0,0,0,0,0,0,0,0,0,0,0,0,0,0,1,0,0,0,0,0,0,0,0,0,0,0,0,0,0,0,0,0,0,0,0,0,0,0,0,0,0,0,0,0,0,0,0,0,1,0,0,0,0,0,0,0,0,0,0,0,0,0,0,0,0,0,0,0,0,0,0,0,0,0,0,0,0,0,0,0,0,0,0,1,0,0,0,0,0,0,0,0,0,0,0,0,0,0,0,0,0,0
C>G,TCT,50,47,33,53,36,51,40,46,37,43,0,0,0,0,0,1,0,0,2,0,2,0,0,1,2,2,0,3,0,0,5,1,3,4,6,8,1,6,4,5,0,2,0,1,0,2,0,0,0,1,0,0,1,0,0,0,1,0,0,0,2,1,1,0,1,2,2,1,3,2,34,33,35,30,26,33,31,28,30,37,1,1,0,1,1,0,1,0,2,1,0,0,0,0,0,0,0,0,2,0,2,0,1,1,2,1,4,1,2,4,20,16,9,17,14,18,9,14,5,11,0,2,1,0,3,1,1,2,2,2,0,3,0,0,1,1,1,0,0,0,2,2,1,1,2,1,1,2,3,2,0,0,0,0,0,0,0,0,0,0,0,0,1,0,0,0,0,0,0,0,12,12,6,14,7,13,6,4,10,7,6,3,2,2,7,4,7,1,2,4,3,2,3,1,3,1,1,0,2,1,0,0,0,0,0,0,0,0,0,0,0,0,0,0,0,0,0,0,0,0,0,0,0,0,0,1,0,0,0,0,0,0,0,0,0,0,0,0,0,0,1,0,0,0,0,0,0,0,0,0,0,0,0,0,0,0,0,0,0,0,0,0,0,0,0,0,0,0,0,0,0,0,1,0,0,0,0,0,0,0,0,0,0,0,0,0,0,0,0,0,1,0,0,0,0,0,0,0,0,0,0,0,0,0,0,0,0,0,1,0,15,9,7,10,7,9,6,8,3,7,15,9,7,9,7,9,6,8,3,7,0,0,0,0,0,0,0,0,0,0
C>G,GCC,1,0,0,1,0,0,1,1,0,0,25,36,28,39,31,27,23,35,36,40,0,0,0,0,0,0,0,0,0,0,1,2,0,1,0,0,0,0,0,1,0,0,0,0,0,0,0,0,0,0,0,0,0,0,0,0,0,0,0,0,0,0,0,0,0,0,0,0,0,0,0,0,0,0,0,0,0,0,0,0,0,0,0,0,0,0,0,0,0,0,0,0,0,0,0,0,0,0,0,0,0,0,0,0,0,0,0,0,0,0,0,0,0,0,0,0,0,0,0,0,0,0,0,0,0,0,0,0,0,0,0,0,0,0,0,0,0,0,0,0,2,2,1,1,0,2,2,2,0,0,0,0,0,0,0,0,0,0,0,0,0,0,0,0,0,0,0,0,0,0,0,0,0,0,0,0,0,0,0,0,0,1,2,1,0,0,0,3,1,0,0,0,0,0,0,0,0,0,0,0,30,18,15,19,16,22,13,19,6,19,0,0,0,0,0,0,0,0,0,0,5,1,2,4,3,8,3,2,5,1,0,0,0,0,0,0,0,0,0,0,0,0,0,0,0,0,0,0,0,0,0,0,0,0,0,0,0,0,0,0,0,0,0,0,0,0,0,0,0,0,0,0,0,0,0,0,0,0,0,0,15,9,7,9,7,9,6,8,3,7,15,9,7,9,8,9,6,8,3,7,0,0,0,0,0,0,0,0,0,0,0,0,0,0,0,0,0,0,0,0,0,0,0,0,0,0,0,0,0,0,0,0,0,0,0,0,0,0,0,0
C>G,GCT,0,0,0,0,0,0,0,0,0,0,0,0,0,0,0,0,0,0,0,0,0,0,0,0,0,0,0,0,0,0,0,0,0,0,0,0,0,0,0,0,0,0,0,0,0,0,0,0,0,0,0,0,0,0,0,0,0,0,0,0,0,0,0,1,0,0,0,1,0,0,0,0,0,0,0,0,0,0,0,0,0,0,0,0,0,0,0,0,0,0,0,0,0,0,0,0,0,0,0,0,0,0,0,0,0,0,0,0,0,0,0,0,0,0,0,0,0,0,0,0,0,0,0,0,0,0,0,0,0,0,0,0,0,0,0,0,0,0,0,0,0,0,0,0,0,0,0,0,1,0,16,9,8,9,7,9,6,8,4,7,0,0,0,0,0,0,0,0,0,0,0,0,0,0,0,0,0,0,0,0,0,0,1,0,0,0,0,0,1,0,0,0,0,0,0,0,0,0,0,0,0,0,0,0,0,0,0,0,0,0,0,0,0,0,0,0,0,0,0,0,0,0,0,0,0,0,0,0,0,0,0,0,0,0,0,0,0,0,0,0,0,0,0,0,0,0,0,0,0,0,0,0,0,0,0,0,0,0,0,0,0,0,0,0,0,0,0,0,0,0,0,0,0,0,0,0,0,0,0,0,0,0,0,0,0,0,0,0,0,0,0,0,0,0,0,0,0,0,0,0,0,0,0,0,0,0,0,0,0,0,0,0,0,0,0,0,0,0,0,0,0,0,0,0,0,0,0,0,0,0,1,1,1,0,3,0,1,4,0,2
C>G,ACT,0,0,0,0,1,1,0,0,0,1,0,0,0,0,0,0,0,0,1,0,0,0,0,0,0,0,0,0,0,0,2,0,0,0,2,0,1,0,1,0,2,3,6,4,5,6,4,10,4,5,0,0,0,0,0,0,0,0,0,0,1,0,0,1,0,0,0,0,0,1,28,37,34,48,41,48,41,43,45,38,3,2,3,3,0,3,3,1,1,2,1,0,0,0,0,0,0,0,0,0,0,0,0,0,0,0,0,0,0,0,0,1,0,1,0,0,0,1,0,1,8,8,3,6,8,6,7,7,9,7,1,0,0,0,0,0,0,0,0,0,0,0,0,0,0,0,1,0,0,0,0,0,0,0,0,0,0,0,0,0,0,0,0,0,0,0,0,0,0,0,0,0,0,0,0,0,0,0,0,0,0,0,0,0,0,0,0,0,0,0,20,13,9,11,7,12,8,10,3,11,0,0,0,0,0,0,0,0,0,0,15,9,8,12,7,9,6,8,3,7,1,0,0,1,0,0,1,0,0,0,0,0,0,0,0,0,0,0,0,0,0,0,0,0,0,0,0,0,0,0,15,9,7,9,7,9,6,8,3,7,0,0,0,0,0,0,0,0,0,0,0,0,0,1,0,1,0,0,0,0,0,0,0,0,0,0,0,0,0,0,1,0,0,0,0,0,0,0,0,0,0,0,0,0,0,0,0,0,0,0,0,0,0,0,0,0,0,0,0,0,0,0,0,0,0,0,0,0,0,0,0,0,0,0,0,0,0,0,0,0
C>G,TCG,0,1,2,1,1,1,1,0,0,0,0,1,0,0,0,0,0,1,0,0,0,0,0,0,0,0,0,0,0,0,0,0,0,0,0,0,0,0,0,0,0,0,0,0,0,0,0,0,0,0,0,0,0,0,0,0,0,0,0,0,0,0,0,0,0,0,0,0,0,0,0,0,0,0,0,0,0,0,0,0,0,0,0,0,0,0,0,0,0,0,20,16,14,19,10,13,11,14,9,13,4,5,8,5,8,4,3,3,3,4,0,0,0,2,0,1,0,3,0,0,0,0,0,0,0,0,0,0,0,0,0,0,0,0,0,0,0,0,0,0,1,0,1,0,0,0,0,1,0,1,1,0,0,2,6,2,1,1,2,0,0,0,0,0,0,0,0,0,0,0,1,1,1,2,0,0,0,0,0,2,2,0,0,0,0,0,0,1,0,0,0,0,0,0,0,0,0,0,0,0,1,0,0,1,0,1,0,1,0,0,0,0,0,0,0,0,0,0,0,0,15,9,7,9,8,9,7,8,3,8,0,0,0,0,0,0,0,0,0,0,0,1,0,1,0,1,2,1,0,1,0,0,0,0,0,0,0,0,0,0,1,0,0,0,0,0,0,0,0,0,0,0,0,0,0,0,0,0,0,0,0,0,0,0,0,0,0,0,0,0,0,0,0,0,0,0,0,0,0,0,0,0,0,0,0,0,0,0,0,0,0,0,0,0,0,0,0,0,0,0,0,0,0,0,0,0,0,0,0,0,0,0,0,0,0,0,0,0,0,0
C>G,CCG,0,0,0,0,0,0,0,0,0,0,0,1,0,0,1,0,0,2,1,0,0,0,0,0,0,0,0,0,0,0,1,1,3,0,3,2,1,2,1,2,0,0,0,0,0,0,0,0,0,0,0,0,0,0,0,0,0,0,0,0,0,0,0,0,1,0,0,0,0,0,0,0,0,0,0,0,0,0,0,0,0,0,0,0,0,0,0,0,0,0,0,0,0,0,0,0,0,0,0,0,0,0,0,0,0,0,0,0,0,0,2,4,2,0,2,3,3,6,0,1,0,0,0,0,0,0,0,0,0,0,0,0,0,0,0,0,0,0,0,0,0,0,0,0,0,0,0,0,0,0,0,0,0,0,0,0,0,0,0,0,1,0,0,0,0,0,0,0,0,0,0,0,0,0,0,0,0,0,0,0,0,0,0,0,0,0,0,1,0,0,0,0,0,0,0,0,0,0,0,0,2,4,0,2,3,2,1,4,3,1,0,0,0,0,0,0,0,0,0,0,0,0,0,0,0,0,0,0,0,1,0,0,0,0,0,0,0,0,0,0,0,0,0,0,0,0,0,0,0,0,0,0,0,0,0,0,0,0,0,0,1,0,0,0,0,0,0,0,0,0,0,0,0,0,0,0,0,0,0,0,0,0,0,0,0,0,0,0,0,0,0,0,0,0,0,0,0,0,0,0,0,0,0,0,0,0,0,0,0,0,0,0,0,0,0,0,0,0,0,0,0,0,0,0,0,0,0,0,0,0,0,0,0,0,0,0,0,0,0,0
C>G,CCA,0,1,0,0,2,0,1,1,1,2,0,0,0,0,0,0,0,0,1,0,0,0,0,0,0,0,0,0,0,0,1,1,0,0,0,0,1,1,0,1,0,0,0,0,0,0,0,0,0,0,0,1,1,0,2,4,2,6,4,1,0,0,0,0,0,0,0,0,0,0,0,0,1,0,1,0,0,0,1,0,0,0,0,0,0,0,0,0,0,0,0,0,0,0,0,0,0,0,0,0,0,0,0,1,0,0,0,0,0,0,0,0,0,0,0,0,0,0,0,0,10,12,4,8,2,10,6,9,3,12,0,0,0,0,0,1,1,0,0,0,1,0,0,1,0,0,0,0,1,0,0,0,0,0,0,0,0,0,0,0,0,0,0,0,0,0,0,0,0,0,0,0,0,0,0,0,0,0,0,0,0,0,0,0,0,0,0,0,0,0,0,0,0,0,0,0,0,0,0,0,0,0,0,0,0,0,1,0,0,0,15,11,11,13,8,11,9,10,4,11,0,0,1,0,0,0,0,0,0,0,0,0,0,1,0,0,0,0,0,0,0,0,0,0,0,0,0,0,0,0,0,0,0,0,0,0,0,0,0,0,1,0,0,0,0,0,0,0,0,0,0,0,0,0,0,0,0,0,0,0,0,0,0,0,0,0,0,0,0,0,0,0,0,0,0,0,0,0,0,0,0,0,0,0,0,0,0,0,0,0,0,0,0,0,0,0,0,0,0,0,0,0,0,0,0,0,0,0,0,0,0,0,0,0,0,0,0,0,0,0
C>G,TCC,0,1,0,0,0,0,0,0,0,0,0,0,0,0,0,0,0,0,0,0,2,3,2,2,0,2,0,2,5,1,2,0,1,0,0,2,0,0,0,2,0,0,0,0,0,0,0,0,0,0,0,0,1,0,0,0,0,0,1,1,0,0,0,0,0,0,0,0,0,0,0,0,0,0,2,0,0,0,0,0,0,0,0,0,0,1,0,0,1,1,0,0,1,0,0,0,0,1,1,0,0,0,1,0,0,0,0,0,0,1,4,6,2,4,5,4,0,3,1,4,37,24,21,29,26,40,26,22,25,23,1,2,1,0,2,0,0,1,0,0,0,1,1,1,1,2,2,4,4,1,0,0,0,0,0,0,0,0,0,0,0,0,0,0,0,0,0,1,0,0,0,0,0,0,0,0,0,0,0,0,0,0,0,0,0,0,0,0,0,0,0,0,0,0,0,0,0,0,0,0,0,0,1,0,0,0,0,0,0,0,0,0,0,0,0,0,0,0,0,0,0,0,0,0,0,0,1,0,0,1,0,0,0,0,0,0,0,0,0,0,0,0,0,0,0,0,0,0,0,0,0,0,0,0,0,0,0,0,0,0,0,0,0,0,0,0,0,0,0,0,0,0,1,0,0,0,0,0,0,0,0,0,0,1,0,0,0,0,0,0,0,0,0,0,0,0,0,0,0,0,0,0,0,0,0,0,0,0,0,0,0,0,0,0,0,0,0,0,0,0,0,0,0,0,0,0,0,0,0,0,0,0,0,0,0,0,0,0,0,0
C>G,CCC,0,0,0,0,0,0,0,0,0,0,0,0,0,0,0,0,0,0,0,0,0,0,0,0,0,0,0,0,0,0,1,0,1,0,0,0,0,0,0,0,0,0,0,0,0,0,0,0,0,0,1,2,1,0,0,1,0,2,0,0,0,0,0,0,0,0,0,0,0,0,0,0,0,0,0,0,0,0,0,0,1,0,0,2,0,0,0,1,0,0,0,0,0,0,0,0,0,0,0,0,0,0,0,0,0,0,0,0,0,0,17,11,7,11,7,11,8,8,4,8,1,0,1,0,0,1,0,0,0,0,0,0,0,0,0,0,0,0,0,0,0,0,0,0,0,0,0,0,0,0,0,0,0,0,0,0,0,0,0,0,0,0,0,0,0,0,0,0,0,0,0,0,0,0,0,0,0,0,0,0,0,0,0,0,0,0,0,0,0,0,0,0,0,0,0,0,0,0,0,0,0,0,0,0,0,1,0,0,0,1,0,0,0,0,0,0,0,0,0,0,0,0,0,0,0,0,0,0,0,0,0,0,0,0,0,0,0,0,0,0,0,0,0,0,0,0,0,0,0,0,0,0,1,0,0,0,0,0,0,0,1,0,0,0,0,0,0,0,0,0,0,0,0,0,0,0,0,0,0,0,0,0,1,0,0,0,0,1,0,0,0,0,0,0,0,0,0,0,0,0,0,0,0,0,0,0,0,0,0,0,0,0,0,0,0,0,0,0,0,0,0,0,0,0,0,0,0,0,0,0,0,0,0,0,0,0,0,0,0,0
C>G,TCA,0,2,0,0,0,0,0,0,0,0,0,0,0,0,0,0,1,0,0,0,3,2,3,3,2,2,1,10,1,6,0,0,0,1,0,0,0,0,0,0,4,2,4,2,1,5,2,3,3,2,0,0,1,0,0,0,0,0,0,0,0,0,0,0,0,0,0,0,0,1,0,0,2,1,0,0,1,0,1,1,3,1,2,4,3,3,0,1,4,0,0,0,0,1,0,0,0,0,0,0,41,52,34,38,37,51,39,45,55,40,0,0,0,0,0,0,0,0,0,0,0,0,0,0,0,0,0,0,0,0,0,0,0,0,0,0,0,0,0,0,50,47,47,34,37,38,41,48,36,36,2,0,0,0,0,0,0,0,0,0,0,0,0,0,0,0,0,0,0,0,0,0,0,0,0,0,0,1,0,0,0,0,0,0,0,0,0,0,0,0,0,0,0,0,0,0,0,0,0,0,0,0,0,0,0,0,0,0,0,0,0,0,0,0,0,0,0,0,0,0,15,9,7,9,7,9,6,8,3,7,0,0,0,0,0,0,0,0,0,0,19,14,9,11,8,10,10,10,9,11,0,0,0,0,0,0,0,0,0,1,0,0,0,0,0,0,0,0,0,0,0,0,0,0,0,0,0,0,0,0,0,0,0,0,0,0,0,0,0,0,0,0,0,0,0,0,0,0,0,0,0,0,0,0,0,0,0,0,0,0,0,1,1,2,1,0,1,0,0,1,0,0,0,0,0,0,0,0,0,0,0,0,1,0,0,0,0,0,0,0
C>T,ACC,1,1,1,2,0,1,5,3,2,2,0,0,0,0,0,0,0,0,0,0,6,12,14,7,6,8,10,8,6,9,0,0,0,0,0,0,0,0,0,0,0,1,0,0,0,1,0,0,0,0,0,0,0,0,0,0,0,0,0,0,264,254,245,228,228,238,237,235,217,248,0,0,0,0,0,0,0,0,0,0,0,0,0,0,0,0,0,0,0,0,1,0,1,1,0,2,0,1,0,0,0,0,0,0,0,0,0,0,0,0,18,15,15,12,16,19,19,21,16,11,49,55,40,50,51,54,47,48,36,48,0,0,0,0,0,0,0,0,1,0,0,0,0,0,0,0,0,0,0,0,58,53,41,54,57,58,52,45,50,43,0,0,0,0,0,0,0,0,0,0,6,13,10,13,11,14,14,13,9,11,65,54,46,50,43,46,48,36,40,39,10,16,7,10,15,15,13,18,21,15,0,0,0,0,0,0,0,0,0,0,0,0,0,0,0,0,0,0,0,0,0,0,0,0,0,0,0,0,0,0,0,0,0,0,0,0,0,0,0,0,0,0,0,0,0,0,0,0,0,0,6,7,8,8,5,9,6,9,7,6,0,0,0,0,0,0,0,0,0,0,0,0,0,0,0,0,0,0,0,0,0,0,0,0,0,0,0,0,0,0,0,0,0,0,0,0,0,0,0,0,38,36,43,26,29,35,34,34,31,27,0,0,0,0,0,0,0,0,0,0,25,20,16,16,23,20,18,14,12,18,56,45,53,37,35,44,43,44,33,36
C>T,GCA,0,0,0,0,0,0,0,0,0,0,0,1,1,0,0,0,0,1,2,0,0,0,0,0,0,0,0,0,0,0,0,0,0,0,0,0,0,0,0,0,0,0,0,0,0,0,0,0,0,0,1,0,0,0,0,0,0,0,0,0,1,0,0,0,0,0,0,0,0,0,0,0,0,0,1,1,1,0,0,1,0,0,0,0,0,0,0,0,0,0,86,89,92,90,90,79,89,89,98,80,0,0,0,0,0,0,0,0,0,0,0,0,0,1,0,0,1,0,1,0,0,0,0,0,0,0,0,0,0,0,0,0,0,0,0,0,0,0,0,0,0,0,0,0,0,0,0,0,0,0,0,0,0,0,0,0,0,0,0,0,0,0,1,0,0,0,0,2,0,0,0,0,0,0,0,0,1,0,0,0,1,0,0,0,0,0,0,0,1,0,18,10,13,13,10,14,8,8,7,10,11,8,8,7,9,5,8,8,12,9,0,0,0,0,0,0,0,0,0,0,53,33,36,40,31,43,29,30,30,30,0,0,0,0,0,0,0,0,0,0,2,5,3,6,8,6,4,3,2,4,0,0,0,0,0,0,0,0,0,0,2,1,1,0,1,3,0,3,1,1,0,0,0,0,0,0,0,0,0,0,0,0,0,0,0,0,0,0,0,0,0,0,0,0,0,0,0,0,0,0,2,0,0,0,0,0,0,2,0,0,0,1,0,0,0,0,0,0,0,0,0,0,0,0,0,0,0,0,0,0,0,0,0,0,0,0,0,0,0,0
C>T,ACA,10,5,10,17,7,9,8,13,8,9,1,0,0,0,0,0,0,0,0,0,5,3,8,7,2,6,5,8,1,6,288,293,278,319,302,289,266,276,269,306,0,0,0,0,0,0,0,0,0,0,0,0,0,0,1,0,0,0,0,0,4,8,7,3,8,14,6,9,7,5,0,0,0,0,0,0,0,0,0,0,168,178,162,162,144,160,157,152,156,150,82,83,72,73,93,77,68,75,93,71,124,122,132,119,131,122,120,127,121,104,233,215,231,257,238,239,224,235,220,276,125,121,124,120,107,114,100,117,112,102,136,130,145,146,125,138,128,123,132,148,63,45,58,54,58,51,61,55,39,55,47,58,50,47,47,52,58,52,43,46,0,0,0,0,0,0,0,0,0,0,0,0,0,0,0,0,0,0,0,0,24,17,20,16,20,17,19,17,17,12,64,59,56,63,62,71,64,64,47,50,0,0,0,0,0,0,0,0,0,0,5,2,8,6,5,7,4,2,6,4,31,27,27,25,32,28,36,25,26,31,1,2,2,2,2,3,3,1,1,3,12,5,10,11,6,6,13,7,9,5,2,2,6,1,2,5,4,5,4,0,0,0,0,0,0,0,0,0,0,0,7,5,8,4,4,4,4,2,4,2,24,14,21,19,13,19,15,10,11,13,18,11,15,14,9,12,11,10,5,9,0,0,0,0,0,0,0,0,0,0,0,0,0,0,0,0,0,0,0,0,17,9,9,10,10,14,13,11,5,13,0,0,0,0,0,0,0,0,0,0
C>T,ACG,0,0,0,0,0,0,0,0,0,0,0,0,0,0,0,0,0,0,0,0,0,0,0,0,0,0,0,0,0,0,0,1,0,0,0,0,0,0,1,0,0,0,0,0,0,0,0,0,0,0,0,0,0,0,0,0,1,0,1,0,0,0,0,0,0,0,0,0,0,0,0,1,0,0,0,0,0,0,0,0,78,115,95,88,110,91,109,94,90,96,0,0,0,0,0,0,0,0,0,0,0,0,0,0,0,0,0,0,0,0,0,0,0,0,0,0,0,0,0,0,0,0,0,0,0,0,0,0,0,0,0,0,0,0,0,0,0,0,0,0,152,145,141,133,127,165,141,152,161,131,0,0,0,0,0,0,0,0,0,0,2,2,2,2,2,2,2,6,7,3,0,0,0,0,0,0,0,0,0,0,0,0,0,0,0,0,0,0,0,0,0,0,0,0,0,0,0,0,0,0,0,0,0,0,0,0,0,0,0,0,18,17,10,16,23,17,14,12,15,12,0,0,0,0,0,0,0,0,0,0,0,0,0,0,0,0,0,0,0,0,0,0,0,0,0,0,0,0,0,0,0,0,0,0,0,0,0,0,0,0,0,0,0,0,0,0,0,0,0,0,0,0,0,0,0,0,0,0,0,0,2,0,1,1,0,0,0,1,1,0,19,16,11,15,11,15,11,12,6,13,0,0,0,0,0,0,0,0,0,0,0,0,0,0,0,0,0,0,0,0,0,0,0,0,0,0,0,0,0,0,31,20,21,16,18,21,21,21,12,18
C>T,GCG,0,0,0,0,0,0,0,0,0,0,0,0,0,0,0,0,0,0,0,0,0,0,0,0,0,0,0,0,0,0,0,0,0,0,0,0,0,0,0,0,0,0,0,0,0,0,0,0,0,0,0,0,0,0,0,0,0,0,0,0,905,909,913,909,914,911,898,896,924,903,0,0,0,0,0,0,0,0,0,0,0,0,0,0,0,0,0,0,0,0,0,0,0,0,0,0,0,0,0,0,0,0,0,0,0,0,0,0,0,0,0,0,0,0,0,0,0,0,0,0,0,0,0,0,0,0,0,0,0,0,0,0,0,0,0,0,0,0,0,0,0,0,0,0,0,0,0,0,0,0,0,0,0,0,0,0,0,0,0,0,0,0,0,0,0,0,0,0,0,0,0,0,0,0,0,0,0,0,0,0,0,0,0,0,0,0,0,0,0,0,0,0,0,0,0,0,0,0,0,0,0,0,0,0,0,0,0,0,0,0,0,0,0,0,0,0,0,0,0,0,0,0,0,0,0,0,0,0,0,0,0,0,0,0,0,0,0,0,0,0,0,0,0,0,0,0,0,0,0,0,0,0,0,0,0,0,0,0,0,0,0,0,0,0,0,0,0,0,0,0,0,0,0,0,0,0,0,0,0,0,0,0,0,0,0,0,0,0,0,0,0,0,0,0,0,0,0,0,0,0,0,0,0,0,0,0,0,0,0,0,0,0,0,0,0,0,0,0,0,0,0,0,0,0,0,0,0,0,0,0,0,0,0,0,0,0,0,0,0,0
C>T,CCT,2,1,1,0,1,2,1,2,2,1,0,0,0,0,0,0,0,0,0,0,3,2,4,3,1,3,2,3,4,3,0,0,0,0,0,0,0,0,0,0,0,0,0,0,0,0,0,1,0,0,0,0,0,1,0,0,0,0,3,0,0,0,0,0,1,2,1,0,0,1,353,358,377,372,342,373,389,407,359,333,160,170,157,165,180,148,167,145,151,164,1,0,1,0,0,0,1,0,0,0,1,0,1,0,4,0,0,2,0,0,2,4,1,2,6,3,3,4,0,6,16,17,18,24,24,20,20,14,16,12,3,8,4,3,5,1,5,3,3,3,1,5,9,2,7,4,4,2,2,2,2,0,0,1,0,1,1,0,0,0,62,79,75,68,73,50,67,64,62,58,0,0,0,0,1,0,0,0,0,0,0,1,1,0,0,0,0,0,0,0,0,0,0,0,0,0,0,0,0,0,0,0,0,0,0,0,0,0,0,0,0,0,0,0,0,0,0,0,0,0,0,0,0,0,0,0,0,0,0,0,0,0,0,0,0,0,0,1,0,0,6,6,2,3,1,1,2,3,2,3,0,2,2,1,1,2,0,2,1,0,0,0,2,1,1,1,1,2,1,0,16,9,7,9,8,9,7,8,3,7,20,13,12,10,8,10,7,13,7,9,16,12,7,9,8,10,6,10,3,8,0,0,0,0,0,0,0,0,0,0,1,0,0,0,0,0,1,0,0,0,2,3,4,0,0,6,5,2,3,4,37,23,20,25,16,24,16,18,10,22
C>T,TCT,586,595,613,591,616,606,603,573,597,615,19,12,11,13,13,15,12,13,5,9,4,3,5,4,3,3,6,6,3,4,149,147,150,136,145,133,127,142,140,119,331,362,351,343,345,371,374,372,342,381,128,141,137,113,119,137,131,126,132,145,20,18,8,14,12,15,15,14,9,13,61,61,44,58,62,58,63,59,43,52,56,78,68,70,82,73,81,69,90,68,96,86,98,98,110,98,91,113,99,102,97,112,107,88,93,94,104,95,87,103,9,8,2,5,5,4,9,4,6,8,133,122,132,139,134,129,124,110,119,113,69,78,64,61,50,51,63,62,55,61,20,12,9,13,9,13,11,14,8,12,58,39,47,49,40,42,36,36,43,34,62,50,53,70,68,68,53,61,45,70,114,117,129,115,119,126,111,135,122,145,168,186,176,184,192,189,166,169,181,176,36,29,28,31,24,31,23,30,25,31,0,0,0,0,0,0,0,0,0,0,31,31,25,25,22,29,20,19,15,22,0,0,0,0,1,1,0,0,1,0,28,23,21,22,21,27,24,20,15,20,0,0,0,0,0,0,0,0,0,0,33,24,30,24,19,24,20,21,16,22,17,10,9,9,8,10,9,9,5,8,41,30,29,26,28,37,32,31,18,25,24,18,21,20,11,15,15,15,15,14,37,29,29,28,24,33,28,27,11,20,44,32,31,23,21,26,24,27,16,30,0,0,0,1,0,0,0,0,1,0,3,3,4,3,7,2,7,1,4,2,0,1,0,0,0,0,0,0,0,0
C>T,GCC,2,0,0,2,0,1,0,2,0,0,31,25,40,32,25,28,22,31,35,21,0,0,0,0,0,0,0,0,0,0,17,22,19,13,16,14,18,21,20,14,0,0,0,0,0,0,0,0,0,0,0,0,0,0,0,0,0,0,0,0,0,0,0,0,0,0,0,0,0,0,0,0,0,0,0,0,0,0,0,0,0,0,0,0,0,0,0,0,0,0,0,0,0,0,0,0,0,0,0,0,2,1,3,0,2,7,1,2,3,3,0,0,0,0,0,0,0,0,0,0,0,0,0,0,0,0,0,0,0,0,0,0,0,0,0,0,0,0,0,0,3,2,4,7,5,7,1,2,6,5,0,0,0,0,0,0,0,0,0,0,0,0,0,0,0,0,0,0,0,0,0,0,0,0,0,0,0,0,0,0,278,291,295,294,293,297,286,263,276,278,0,0,0,0,0,0,0,0,0,0,24,26,25,32,36,26,21,32,23,35,3,6,6,3,2,4,4,1,4,3,4,4,4,1,4,5,5,4,6,2,0,0,0,0,0,0,0,0,0,0,0,0,0,0,0,0,0,0,0,0,0,0,0,0,0,0,0,0,0,0,1,0,0,0,0,0,0,0,0,0,0,0,0,0,0,0,0,0,0,0,2,6,6,6,1,3,9,3,2,4,20,25,31,20,17,22,21,22,22,16,0,0,0,0,0,0,0,0,0,0,0,0,0,0,0,0,0,0,0,0,0,0,0,0,0,0,0,0,0,0,0,0,0,0,0,0,0,0,0,0
C>T,GCT,0,0,0,0,0,0,0,0,0,0,0,0,0,0,0,0,0,0,0,0,0,0,0,0,0,0,0,0,0,0,0,0,0,0,0,0,0,0,0,0,0,0,0,0,0,0,0,0,0,0,0,0,0,0,0,0,0,0,0,0,1,2,2,1,1,1,1,2,0,3,0,0,0,0,0,0,0,0,0,0,1,2,1,4,1,2,4,0,1,4,0,0,0,0,0,0,0,0,0,0,0,0,0,0,0,0,0,0,0,0,0,0,0,0,0,0,0,0,0,0,0,0,0,0,0,0,0,0,0,0,0,0,0,0,0,0,0,0,0,0,67,71,72,64,60,66,59,55,66,62,28,27,29,28,21,29,22,22,26,30,0,0,0,0,0,0,0,0,0,0,0,0,0,0,0,0,0,0,0,0,34,30,37,38,42,37,28,33,30,29,0,0,0,0,0,0,0,0,0,0,0,0,0,0,0,0,0,0,0,0,0,0,0,0,0,0,0,0,0,0,0,0,0,0,0,0,0,0,0,0,0,0,0,0,0,0,0,0,0,0,0,0,0,0,0,0,0,0,0,0,0,0,0,0,0,0,0,0,0,0,0,0,0,0,0,0,0,0,0,0,0,0,0,0,0,0,0,0,0,0,0,0,0,0,0,0,0,0,0,0,0,0,0,0,0,0,0,0,0,0,0,0,0,0,0,0,0,0,0,0,0,0,0,0,0,0,0,0,0,0,0,0,0,0,0,0,0,0,0,0,0,1,0,0,0,0,0,0,0,0
C>T,ACT,7,7,5,8,13,10,7,6,13,7,72,68,78,61,61,64,70,84,72,75,0,0,0,0,0,0,0,0,0,0,1,1,1,0,1,2,3,0,2,0,21,17,10,11,10,13,8,12,3,9,0,0,0,0,0,0,0,0,0,0,109,91,94,74,96,114,105,99,106,100,115,108,110,119,108,102,116,92,100,87,0,5,3,6,3,4,1,2,2,2,1,0,0,1,0,1,0,0,0,0,0,0,0,0,0,0,0,0,0,0,135,140,138,107,112,138,129,126,114,153,334,360,335,345,367,340,359,322,359,355,0,1,1,0,2,2,3,1,1,2,4,3,6,1,8,2,4,7,6,3,177,187,167,176,196,200,175,157,157,170,16,9,9,9,7,10,7,8,4,10,88,95,97,102,94,101,86,88,85,92,38,42,29,33,32,40,35,34,30,32,18,35,22,18,18,23,23,15,22,18,0,0,0,0,0,0,0,0,0,0,46,44,27,44,29,42,39,25,23,30,138,120,131,124,123,139,122,109,120,111,41,33,37,37,31,42,36,32,36,30,0,0,0,0,0,0,0,0,0,0,11,15,16,15,20,16,14,14,14,10,0,0,0,0,0,0,0,0,0,0,16,13,20,15,13,20,15,17,12,16,0,0,0,0,0,0,1,0,0,0,54,45,49,36,36,45,41,42,31,33,3,4,2,3,4,5,4,1,3,2,0,0,0,0,0,0,0,0,0,0,0,1,0,2,0,0,0,0,0,0,4,2,4,0,1,2,1,2,0,1
C>T,TCG,61,51,73,69,52,60,65,66,55,66,0,0,0,0,0,0,1,0,1,0,0,0,0,0,0,0,0,0,0,0,0,0,0,0,0,0,0,0,0,0,0,0,0,0,0,0,0,0,0,0,0,0,0,0,0,0,0,0,0,0,0,0,0,0,0,0,0,0,0,0,0,0,0,0,0,0,0,0,0,0,0,0,0,0,0,0,0,0,0,0,0,0,1,1,2,0,0,1,2,2,76,81,92,76,83,81,93,68,90,102,186,211,185,209,213,199,179,203,188,199,0,0,0,0,0,0,0,0,0,0,0,0,0,0,0,0,0,0,0,0,59,67,61,59,53,66,47,47,44,56,7,8,8,4,7,10,7,8,5,3,0,0,0,0,0,0,0,0,0,0,4,5,8,7,7,5,7,3,2,3,55,52,62,45,47,53,51,49,57,52,0,0,0,1,0,0,0,0,0,0,63,53,47,55,52,55,51,43,41,51,0,0,0,0,0,0,0,0,0,0,24,21,29,24,23,40,21,20,23,21,0,0,0,0,0,0,0,0,0,0,57,60,59,57,72,74,59,56,63,61,0,0,0,0,0,0,0,0,0,0,0,0,0,0,0,1,0,0,0,0,0,0,0,0,0,0,0,0,0,0,0,0,0,0,0,0,0,0,0,0,0,0,0,0,0,0,0,0,0,0,0,0,0,0,0,0,0,0,0,0,6,8,7,4,5,9,6,6,2,2,0,0,0,0,0,0,0,0,0,0,0,0,0,0,0,0,0,0,0,0
C>T,CCG,0,0,0,0,0,0,0,0,0,0,0,0,0,0,0,1,0,0,0,0,0,0,0,0,0,0,0,0,0,0,57,36,45,36,41,37,35,42,39,36,0,0,0,0,0,0,0,0,0,0,0,0,0,0,0,0,0,0,0,0,0,0,0,0,0,0,0,0,0,0,0,0,0,0,0,0,0,0,0,0,0,0,0,0,0,0,0,0,0,0,0,0,0,0,0,0,0,0,0,0,0,0,0,0,0,0,0,0,0,0,203,197,213,204,197,217,203,206,195,226,0,0,0,0,0,0,0,0,0,0,0,0,0,0,0,0,0,0,0,0,0,0,0,0,0,0,0,0,0,0,0,0,0,0,0,0,0,0,0,0,71,76,78,66,84,77,75,68,66,87,0,0,0,0,0,0,0,0,0,0,0,0,1,0,1,0,0,0,0,0,0,0,0,0,0,0,0,0,0,0,37,35,45,37,41,36,41,28,41,40,0,0,0,0,0,0,0,0,0,0,1,0,0,1,0,0,0,0,1,0,0,0,0,0,0,0,0,0,0,0,0,0,0,0,0,0,0,0,0,0,0,0,0,0,0,0,0,0,0,0,0,0,0,0,0,0,0,0,0,0,0,0,0,0,0,0,0,0,0,0,0,0,0,0,0,0,0,0,0,0,0,0,0,0,0,0,0,0,0,0,0,0,0,0,0,0,0,0,0,0,0,0,0,0,0,0,0,0,0,0,17,9,8,9,8,9,6,12,4,7,0,0,0,0,0,0,0,0,0,0
C>T,CCA,53,56,60,66,60,59,59,47,58,54,0,0,0,0,0,0,1,2,0,1,0,0,0,0,0,0,0,0,0,0,161,153,145,163,108,151,143,148,160,148,0,0,0,0,0,0,0,0,0,0,105,94,105,91,84,114,103,106,93,99,0,0,0,0,0,0,0,0,0,0,94,73,88,77,79,81,84,85,78,77,0,0,0,2,0,0,0,0,0,0,0,0,0,0,0,0,0,0,0,0,0,0,0,0,0,1,0,1,1,1,0,0,0,0,0,0,0,0,0,0,161,170,161,142,147,160,151,163,140,140,0,0,1,0,0,0,0,0,0,1,0,0,0,0,1,0,0,0,0,0,0,0,0,0,0,0,0,0,0,0,0,0,0,0,0,0,0,0,0,0,27,32,25,32,32,36,29,35,25,32,2,0,4,2,3,0,1,2,2,0,1,0,0,0,0,0,0,0,2,0,0,0,1,0,0,0,0,0,0,0,0,0,0,0,0,0,0,0,0,0,26,17,20,19,17,11,7,14,8,17,5,1,3,5,9,2,3,7,3,2,3,2,3,6,1,1,6,1,5,4,0,0,0,0,0,0,0,0,0,0,74,62,59,54,49,57,54,54,42,45,0,0,0,0,0,0,0,0,0,0,0,0,0,0,0,0,0,0,0,0,0,0,0,0,0,0,0,0,0,0,0,0,0,0,0,0,0,0,0,0,0,0,0,0,0,0,0,0,0,0,0,0,0,1,0,0,0,0,0,0,0,0,0,0,0,0,0,0,0,0
C>T,TCC,3,8,6,3,5,7,5,5,3,3,0,0,0,0,0,0,0,0,0,0,69,66,58,55,78,64,58,56,51,59,0,0,0,0,0,0,1,1,0,0,0,0,0,0,0,0,0,0,0,0,0,0,1,1,0,1,3,1,1,0,0,0,0,0,0,0,0,0,0,0,3,3,0,1,0,2,0,0,0,1,0,1,1,1,0,0,1,1,1,1,259,304,294,308,278,306,291,300,307,319,2,4,6,5,5,1,2,2,4,3,29,27,22,26,28,28,19,25,18,30,599,623,644,593,615,599,596,559,590,600,177,182,172,181,175,162,188,156,158,198,401,413,418,402,416,421,378,395,388,395,0,0,0,0,0,0,0,0,0,0,278,289,295,264,266,296,262,247,265,258,14,12,11,9,16,13,13,15,12,13,0,0,1,1,1,0,1,1,0,1,0,0,0,0,0,0,0,0,0,0,45,41,41,45,37,44,35,48,39,41,9,2,6,4,8,10,7,10,4,5,23,20,21,18,11,14,12,15,9,12,103,94,97,97,83,101,86,75,83,89,0,0,0,0,0,0,0,0,0,0,0,0,0,0,0,0,0,0,0,0,0,0,0,0,0,0,1,0,0,0,0,1,0,0,0,1,0,0,1,0,2,5,4,3,1,2,5,2,5,3,5,3,4,3,1,4,5,2,3,1,0,0,0,0,0,0,0,0,0,0,0,0,1,0,0,0,0,1,0,0,0,0,0,0,0,0,0,0,0,0,0,0,0,0,0,0,0,0,0,0
C>T,CCC,0,0,0,0,0,0,0,0,0,0,0,1,0,1,0,0,0,0,0,0,0,0,0,0,0,0,0,0,0,0,0,0,0,0,0,0,0,0,0,0,0,0,0,0,0,0,0,0,0,0,1,0,0,1,0,0,0,0,0,0,0,0,0,1,1,0,1,0,0,2,0,0,0,1,0,0,1,0,0,0,0,0,0,0,0,0,0,0,0,2,0,0,0,0,0,0,0,0,0,0,0,0,0,0,0,0,0,0,0,0,197,203,188,209,201,207,208,195,202,213,0,0,0,0,0,0,0,0,0,2,0,0,1,0,0,0,0,0,0,1,0,0,0,0,0,0,0,0,0,0,0,0,0,0,1,0,0,0,0,1,0,0,0,0,0,0,0,2,1,1,57,40,45,49,38,45,43,33,38,44,40,31,33,37,25,32,31,32,29,37,3,5,1,2,1,1,0,4,0,2,19,24,31,27,18,25,21,26,26,20,33,22,26,26,23,23,21,22,22,19,0,0,0,0,0,0,0,0,0,0,0,0,0,0,1,0,0,0,0,1,0,0,0,0,0,0,0,0,0,0,1,0,1,1,2,3,0,4,2,2,28,16,14,10,12,15,13,13,8,11,23,16,17,16,9,15,10,10,11,13,35,26,31,28,26,29,37,24,26,21,15,10,7,9,7,9,6,8,3,7,0,0,0,0,0,0,0,0,0,0,0,0,0,0,0,0,0,0,0,0,0,0,0,0,0,0,0,0,0,0,0,0,0,0,0,0,0,0,0,0
C>T,TCA,1,0,1,0,2,0,0,1,0,1,16,15,16,13,10,13,8,10,13,4,218,241,237,215,198,217,236,212,206,216,150,164,166,163,138,170,163,166,146,143,162,155,149,149,130,145,144,150,145,132,28,26,27,33,35,21,27,31,30,38,67,63,59,61,71,50,69,60,62,56,388,418,357,366,398,410,383,380,394,363,77,89,85,70,75,74,75,85,77,66,923,929,930,930,926,934,940,915,920,937,911,923,931,917,901,937,926,929,915,919,0,0,0,0,0,0,0,0,0,0,0,0,0,0,0,0,0,0,0,0,0,0,0,0,0,0,0,0,0,0,195,180,180,183,177,216,178,193,183,181,43,25,23,25,33,35,21,19,28,25,25,25,27,26,25,27,23,23,30,20,178,207,184,224,220,194,186,183,208,190,0,0,0,0,0,0,0,0,0,0,2,2,1,2,3,4,4,1,1,1,0,0,0,0,0,0,0,0,0,0,89,73,76,74,71,81,77,62,72,82,4,7,4,8,5,4,4,8,4,4,0,0,0,0,0,0,0,0,0,0,27,23,20,19,12,16,12,16,7,16,102,85,85,79,64,77,75,76,54,59,0,0,0,0,0,0,0,0,0,0,0,0,0,0,0,0,0,0,0,0,35,26,20,25,20,23,19,21,10,24,28,22,19,16,15,14,14,21,10,17,33,24,17,19,17,19,15,24,7,18,73,57,54,52,45,56,47,49,36,43,0,0,0,0,0,0,0,0,0,0,48,28,30,30,21,33,22,28,15,28
T>A,CTT,9,12,14,4,7,6,8,6,6,9,0,0,0,0,0,0,0,0,0,0,6,9,6,9,6,11,11,6,5,6,0,0,1,0,0,0,0,0,0,0,0,0,0,0,0,1,0,1,0,0,18,13,10,12,7,10,6,12,8,9,0,0,0,0,0,0,0,0,0,0,1,0,0,0,1,0,0,0,0,0,0,0,0,0,0,0,0,0,0,0,0,0,0,0,0,0,0,0,0,0,31,15,23,16,19,23,17,19,15,20,0,0,0,0,0,0,1,1,0,0,15,12,7,9,8,9,6,10,4,7,42,41,47,35,41,34,39,44,38,35,2,3,4,1,0,1,2,4,1,1,4,4,1,1,2,0,4,0,4,2,0,0,0,0,0,0,0,0,0,0,3,10,10,6,15,11,8,9,6,3,1,2,1,4,5,3,3,3,5,3,4,3,1,2,2,5,1,4,3,1,0,0,0,0,0,0,0,0,0,0,0,1,0,0,1,0,0,0,1,0,0,0,0,0,0,0,0,0,0,0,2,0,1,1,3,1,0,1,0,0,0,0,0,0,0,0,0,0,0,0,0,0,0,0,0,0,0,0,0,0,0,4,0,0,1,0,0,0,1,0,0,0,0,0,0,0,0,0,0,0,0,0,0,0,0,0,0,0,0,0,1,0,0,0,0,1,1,1,0,2,0,0,0,0,0,0,1,0,0,0,0,0,0,0,0,0,0,0,0,0,0,0,0,0,0,0,0,1,1,0,15,10,7,9,8,9,6,8,3,7
T>A,ATG,1,1,0,0,1,5,3,1,0,1,0,0,0,0,0,0,0,1,0,0,5,7,9,9,6,3,5,5,3,6,0,1,1,0,1,0,0,0,1,1,2,5,8,5,4,2,7,9,7,7,2,5,1,1,1,1,5,3,1,0,12,15,17,23,22,14,21,14,19,13,20,11,12,16,10,17,11,16,12,13,0,0,0,1,0,2,1,0,0,3,0,0,0,1,0,0,0,0,0,0,0,0,0,0,0,0,0,0,0,0,4,9,4,6,3,1,4,2,5,3,184,185,196,170,191,179,171,173,173,162,0,0,0,0,0,0,0,1,0,0,19,13,12,13,10,14,12,14,7,11,1,0,2,2,3,3,1,1,0,2,0,0,0,0,0,0,0,0,0,0,0,0,2,1,2,0,0,2,1,1,0,0,0,0,0,0,0,0,0,0,17,11,8,11,10,12,9,11,7,7,1,0,0,0,0,0,0,0,0,0,17,11,10,12,9,14,8,9,3,11,0,0,0,0,1,0,0,0,0,0,0,1,1,0,1,1,0,1,0,2,0,0,0,1,0,0,0,0,0,0,0,0,0,0,0,0,0,0,0,0,0,0,0,0,0,0,0,0,0,0,0,0,0,0,0,0,0,0,0,0,0,0,0,0,0,0,0,0,0,0,0,0,0,0,0,0,0,0,0,0,0,0,0,0,0,0,0,0,0,0,0,0,0,0,0,0,0,0,0,0,15,9,7,9,7,9,6,8,3,7,0,0,1,1,0,0,0,0,0,0
T>A,GTC,10,10,7,10,8,6,11,9,2,5,16,12,9,9,8,11,6,8,5,9,10,4,7,4,3,2,9,3,10,3,16,11,10,9,11,14,9,9,6,9,1,0,0,1,0,0,0,0,1,0,11,11,18,13,5,11,10,6,11,17,31,24,29,32,39,32,18,24,16,28,0,0,0,0,1,0,0,0,0,0,5,4,7,9,4,6,7,7,4,1,19,12,9,10,17,13,15,18,15,10,50,41,41,44,39,41,36,44,44,36,4,5,4,4,1,5,5,3,4,4,17,12,8,11,11,14,10,9,7,9,0,0,1,0,0,0,1,0,0,0,23,18,15,19,11,18,13,12,10,14,0,0,0,0,0,0,0,0,0,0,2,0,1,1,0,1,0,1,1,0,3,7,4,5,10,10,5,6,6,8,2,2,5,1,2,3,0,2,2,1,16,11,8,10,8,9,7,12,4,8,0,0,0,0,0,0,0,0,0,0,2,0,1,2,0,0,0,0,0,0,1,4,1,2,2,3,7,1,1,3,0,0,0,0,0,0,0,0,0,0,0,0,1,0,0,0,1,0,0,0,0,0,0,0,0,0,0,0,0,0,0,1,0,0,0,2,0,1,0,0,0,0,0,0,0,0,0,0,0,0,0,0,0,0,0,0,0,0,0,0,0,0,0,0,1,0,0,0,0,0,15,9,7,9,7,9,6,9,3,7,1,0,1,1,0,0,0,0,0,1,15,9,8,9,7,9,6,8,3,7,0,0,0,0,0,0,0,0,0,0
T>A,ATC,0,0,1,0,1,1,0,0,1,0,0,0,0,0,0,0,0,0,0,0,3,0,1,0,1,2,1,0,1,1,0,0,0,0,0,0,0,0,0,0,4,1,3,0,4,4,2,2,3,1,0,0,1,1,0,0,1,0,1,0,1,1,0,0,0,0,1,0,1,1,4,0,2,3,0,3,2,0,0,3,0,0,0,0,0,0,0,0,1,0,17,12,12,15,9,10,11,11,5,10,4,4,2,1,2,2,3,1,1,2,2,10,5,7,10,8,8,8,14,9,15,14,8,12,11,13,8,8,7,10,0,0,0,1,0,0,0,0,0,0,3,3,2,3,6,3,4,4,4,2,0,0,0,0,0,0,0,0,0,0,0,0,0,0,0,0,0,0,0,0,2,2,1,4,1,4,2,0,2,4,1,1,1,0,1,1,1,0,1,0,10,14,17,17,23,17,19,9,22,24,0,0,0,0,0,0,0,0,0,0,0,0,0,0,0,0,0,0,0,0,1,1,0,0,1,1,1,1,0,0,0,0,0,0,0,0,0,0,0,0,0,0,0,0,0,0,0,0,0,0,0,0,0,0,0,0,0,0,0,0,0,0,1,0,0,0,0,0,0,0,0,0,0,0,0,0,1,0,0,0,0,0,0,0,0,0,0,0,0,0,16,11,7,9,7,9,6,10,4,7,0,0,0,0,0,0,0,0,0,0,0,0,0,0,1,0,3,0,0,0,0,0,0,0,0,0,0,0,0,0,1,0,0,0,0,0,0,0,0,0
T>A,ATA,1,0,0,0,2,0,0,0,0,0,1,1,0,0,0,0,0,0,1,0,0,0,0,0,0,0,0,0,0,0,4,5,7,6,9,7,8,6,2,6,0,0,0,0,0,0,0,0,0,0,0,1,0,0,0,0,0,1,0,0,9,12,7,8,4,9,6,8,10,8,0,0,2,1,1,2,1,0,0,1,45,64,59,59,44,48,56,53,58,46,8,9,7,7,7,10,9,3,8,4,3,3,4,7,3,4,4,2,5,5,14,21,18,21,11,14,14,13,26,12,0,0,0,0,0,0,0,0,0,0,0,0,0,0,0,0,0,0,0,0,2,4,4,5,2,3,3,3,2,3,0,0,0,0,0,0,0,0,0,0,1,3,1,0,3,0,2,2,5,1,0,0,0,0,0,0,0,0,0,0,0,0,0,0,0,0,0,0,0,0,2,1,3,3,0,2,2,2,1,1,3,0,3,3,0,3,0,1,4,1,0,0,0,0,0,0,1,0,1,0,0,0,0,0,0,0,0,0,0,0,0,0,1,0,0,1,0,0,0,0,0,0,0,0,0,0,0,0,0,0,0,0,0,0,0,0,0,0,0,0,5,6,8,4,3,8,3,11,4,2,0,0,0,0,0,0,0,0,0,0,0,0,0,0,0,0,0,0,0,0,0,0,0,0,0,0,0,0,0,0,15,9,7,9,7,9,6,8,3,7,0,0,0,0,0,0,0,0,0,0,0,0,0,0,0,0,0,0,0,0,0,0,0,0,0,0,0,0,0,0
T>A,GTG,0,0,0,0,0,0,0,0,0,0,0,0,0,0,0,0,0,0,0,0,0,0,0,0,0,0,0,0,0,0,0,0,0,0,0,0,0,0,0,0,0,0,0,0,0,0,0,0,0,0,7,11,11,8,4,16,13,11,12,9,0,0,0,0,0,0,0,0,0,1,0,0,0,0,0,0,0,0,0,0,3,9,10,9,7,11,9,15,6,6,730,703,720,686,685,715,704,715,705,720,0,0,0,0,0,0,0,0,0,0,0,0,0,0,0,0,0,0,0,0,18,10,16,12,12,20,16,10,15,12,0,0,0,0,0,0,0,0,0,0,187,167,189,170,168,187,174,182,159,156,0,0,0,0,0,0,0,0,0,0,0,0,0,0,0,0,0,0,0,0,28,11,20,20,23,36,19,23,26,23,0,0,0,0,0,0,0,0,0,0,0,1,0,0,0,0,0,0,0,0,0,0,0,0,0,0,0,0,0,0,8,5,5,6,2,2,6,6,5,2,1,3,3,6,6,3,2,1,5,2,0,0,0,0,0,0,0,0,0,0,0,0,0,0,0,0,0,1,0,0,0,0,0,0,1,0,0,0,0,0,0,0,0,0,0,0,0,0,0,0,0,0,0,0,0,0,0,0,0,0,0,0,0,0,0,0,0,0,0,0,0,0,0,0,0,0,0,0,0,0,0,0,0,1,0,0,1,0,0,0,0,0,0,0,0,0,0,0,0,0,15,9,7,9,7,9,6,8,3,7,0,0,0,0,0,0,0,0,0,0
T>A,TTT,0,0,0,0,0,1,0,0,0,0,0,1,0,1,3,2,0,0,0,1,50,46,48,46,51,50,50,44,44,49,4,3,4,5,4,2,1,3,4,1,0,1,2,0,1,0,0,0,0,0,0,0,0,0,0,0,0,1,0,0,37,32,32,29,33,28,30,37,31,33,2,3,5,3,0,0,2,1,2,1,0,0,0,0,0,0,0,0,0,0,2,1,3,3,3,0,5,1,2,1,23,39,24,29,16,32,22,24,24,30,2,0,0,1,0,3,0,2,2,1,1,0,1,1,1,2,1,1,1,1,11,7,14,10,15,17,12,15,16,16,6,13,7,7,5,15,8,9,5,5,0,0,0,1,0,0,0,0,0,0,4,7,10,16,11,11,10,15,8,6,0,0,0,0,0,0,0,0,0,0,0,0,0,0,0,0,2,0,0,0,15,9,7,9,7,9,6,8,5,8,38,28,29,27,27,33,21,25,14,22,0,0,0,1,0,0,0,0,0,0,0,0,1,0,0,0,0,1,0,0,15,9,7,11,7,10,7,9,3,8,0,0,0,0,0,0,0,0,0,0,1,0,1,0,0,0,0,0,0,0,0,0,0,0,0,0,0,0,0,0,17,10,8,11,9,11,8,9,4,7,0,0,0,0,0,0,0,0,0,0,0,0,0,0,0,0,0,0,0,0,0,0,0,0,0,0,0,0,0,0,2,1,0,0,1,0,0,1,2,0,0,0,0,0,0,0,0,0,0,0,0,0,0,0,0,0,0,0,0,0
T>A,ATT,4,2,2,0,7,1,2,1,3,4,5,2,1,1,2,2,2,0,1,1,0,0,0,0,0,1,1,2,1,0,2,2,0,1,3,1,3,1,5,2,14,12,19,18,17,12,22,13,23,14,5,10,7,7,6,10,4,9,10,9,18,12,11,13,11,11,10,14,11,9,0,1,0,0,0,0,0,0,0,1,4,3,7,9,4,3,4,6,7,8,0,0,0,0,0,0,0,0,0,0,0,0,0,0,0,0,0,0,0,0,0,0,0,0,0,0,0,0,0,0,0,0,1,1,1,0,2,0,2,0,1,0,0,0,0,0,2,1,1,0,0,0,0,0,0,0,0,0,0,0,0,2,0,1,0,0,0,0,0,1,1,2,1,1,1,2,3,1,3,2,2,0,2,3,2,0,2,3,3,0,16,9,7,9,7,11,6,9,4,10,0,0,0,0,0,1,0,0,0,1,0,0,0,0,0,0,0,0,0,0,0,0,0,0,0,0,0,0,0,0,0,0,0,0,0,1,0,0,1,1,15,10,7,9,9,9,6,9,3,7,0,0,0,0,0,0,0,0,0,0,0,0,0,0,0,0,0,0,0,0,16,9,7,9,7,9,6,8,3,7,59,50,52,41,45,43,52,49,39,36,1,0,0,0,0,0,0,1,0,0,0,0,1,0,0,1,1,1,0,0,0,0,0,0,0,0,1,1,0,1,0,0,0,0,0,0,0,0,0,0,0,0,0,0,0,0,0,0,0,0,0,0,0,0,0,0,0,0,0,0
T>A,CTG,22,13,12,15,14,14,9,8,6,9,17,11,16,14,11,12,13,14,7,10,0,0,0,0,0,0,0,0,0,0,2,6,5,3,3,6,2,5,2,7,0,0,0,0,0,0,0,0,0,0,73,89,69,69,88,82,82,79,76,78,0,0,0,0,0,0,0,0,0,0,20,19,17,20,30,22,14,12,18,17,1,0,5,0,2,0,0,0,1,2,1,0,0,0,1,0,1,1,0,1,0,0,0,0,0,0,0,0,0,0,56,51,49,57,58,51,36,60,47,50,0,0,0,0,0,0,0,1,0,1,0,0,1,0,0,0,0,1,0,0,27,15,20,26,24,26,22,21,17,20,21,18,14,12,13,11,11,16,7,13,0,0,0,0,0,0,0,0,0,0,0,0,0,0,0,0,0,0,0,0,1,0,0,0,0,0,0,0,0,0,0,0,0,0,0,0,0,0,0,0,2,7,2,1,6,1,2,2,3,3,0,0,0,0,0,0,0,0,0,0,0,0,0,0,0,0,0,0,0,0,15,9,7,9,7,9,6,8,3,8,15,9,7,9,8,11,6,10,6,8,0,0,0,0,0,0,0,0,0,0,0,0,0,0,0,0,0,0,0,0,15,9,7,10,8,9,7,9,4,7,2,0,1,0,0,2,0,0,0,1,0,1,0,0,1,0,0,0,0,0,0,0,0,0,0,0,0,0,0,0,0,0,0,0,0,0,0,0,0,0,0,0,0,0,0,0,0,0,0,0,0,3,4,4,1,1,3,2,0,2
T>A,GTT,0,0,0,0,0,0,0,0,0,0,0,1,2,0,2,3,3,0,2,7,6,3,4,7,3,6,0,4,6,6,0,0,0,1,0,1,1,0,0,0,0,0,0,0,0,0,0,0,0,0,18,22,19,12,21,20,13,12,16,15,0,0,0,0,0,0,0,0,0,0,0,0,0,0,0,0,0,0,0,0,2,0,0,0,0,0,0,0,0,0,11,7,8,16,13,8,9,9,4,9,0,2,3,2,2,2,5,4,1,1,2,7,2,4,4,4,5,8,4,4,6,7,7,3,3,10,2,3,3,6,37,35,28,19,35,41,35,29,22,31,0,0,0,0,0,0,0,0,0,0,0,0,0,0,0,0,0,0,0,0,4,2,0,2,1,0,1,0,2,1,0,0,0,0,0,0,0,0,0,0,0,0,0,0,0,0,0,0,0,0,18,11,10,9,8,11,8,8,6,8,46,28,36,49,49,43,45,46,48,36,17,9,7,9,7,9,6,9,5,8,2,1,0,0,0,1,1,1,0,0,4,7,6,3,8,6,6,4,1,8,0,0,0,0,0,0,0,0,0,0,0,0,0,0,0,1,0,0,0,0,0,0,0,0,0,0,0,0,0,0,0,0,0,0,0,0,0,0,0,0,15,9,7,9,7,9,7,8,4,7,0,0,0,0,0,0,0,0,0,0,0,0,0,0,0,0,1,1,1,0,24,12,12,11,13,17,9,11,8,14,0,0,0,0,0,0,0,0,0,0,0,0,0,0,0,0,0,0,0,0
T>A,CTA,0,1,0,0,1,2,1,1,0,1,0,0,0,0,0,0,0,0,0,0,0,0,0,0,0,0,0,0,0,0,0,0,0,0,0,0,0,0,0,0,10,12,11,5,6,14,12,9,6,7,0,0,0,0,0,0,0,0,0,0,0,0,0,0,0,0,0,0,0,0,10,8,12,10,11,8,9,5,11,11,0,0,1,1,2,1,2,0,0,1,6,8,2,4,6,5,4,5,10,6,0,2,4,5,1,4,4,2,4,3,7,7,8,7,8,11,12,5,6,12,3,3,5,7,4,4,5,4,5,5,1,0,0,1,0,1,2,1,0,0,2,3,1,5,2,5,1,1,4,2,0,0,0,0,0,0,0,0,0,0,0,0,0,0,0,0,0,0,0,0,0,0,0,0,0,1,0,0,0,0,0,2,0,0,0,0,0,0,0,0,0,0,0,0,0,0,0,0,0,0,0,0,0,0,0,0,0,0,0,0,16,10,8,11,12,10,6,10,5,7,0,0,0,0,0,0,0,0,0,0,1,2,2,1,1,3,2,1,4,3,0,0,0,0,0,0,0,0,0,0,0,0,0,0,0,0,0,0,0,0,0,0,0,0,0,0,0,0,0,0,15,9,7,9,8,10,7,8,3,7,0,0,0,0,0,0,0,0,0,0,0,0,0,1,2,1,0,0,0,0,0,0,0,0,0,0,0,0,0,0,0,0,0,0,0,0,0,0,0,0,0,0,0,0,0,0,0,0,0,0,0,0,0,0,0,0,0,0,0,0
T>A,CTC,0,0,0,0,0,0,0,0,0,0,0,0,0,0,0,0,0,0,0,0,0,0,0,0,0,0,0,0,0,0,22,17,16,18,12,14,16,16,12,11,0,0,0,0,0,0,0,0,0,0,21,16,26,20,13,17,16,15,13,18,0,0,0,0,0,0,0,0,0,0,0,0,0,0,0,0,0,0,0,0,0,1,0,1,0,1,1,0,1,0,0,0,0,0,0,0,0,0,0,0,0,0,0,0,0,0,0,0,0,0,0,0,0,0,0,0,0,0,0,0,4,3,3,4,1,5,2,0,0,3,8,16,9,13,9,10,13,11,8,10,0,0,0,0,0,0,0,0,0,0,0,0,0,0,0,0,0,0,0,0,0,0,0,0,0,0,0,0,0,0,0,0,0,0,0,0,0,0,0,0,0,0,0,0,0,0,0,0,0,0,16,9,8,10,10,10,6,9,4,12,0,0,1,0,0,0,0,0,0,0,0,0,0,0,0,0,0,0,0,0,0,0,0,0,0,0,0,0,1,0,3,1,2,2,1,3,1,2,1,2,0,0,0,0,0,0,0,0,0,0,2,0,0,0,0,0,1,0,0,0,0,0,0,0,0,0,0,0,0,0,0,0,0,0,0,0,0,0,0,0,0,0,0,0,0,0,0,0,0,0,0,0,0,0,0,0,0,0,0,0,0,0,0,0,0,0,0,0,0,0,0,0,1,0,0,0,0,0,0,0,0,0,0,0,0,0,0,0,0,1,0,0,0,0,0,0,0,0,0,0
T>A,TTC,0,0,0,0,0,0,1,0,1,0,5,6,6,6,4,2,6,2,5,7,38,35,42,42,34,29,37,32,44,32,1,0,0,1,0,0,0,0,0,0,0,0,0,0,0,0,0,0,0,0,31,16,19,22,14,23,13,13,19,16,1,0,0,0,0,0,0,0,0,0,30,21,22,20,21,17,20,27,24,22,12,20,11,14,19,20,26,22,14,15,0,0,0,0,1,0,0,0,0,0,0,0,0,0,0,0,0,0,0,0,0,0,0,0,0,0,0,0,0,0,0,0,0,0,0,0,0,0,0,0,1,2,0,3,0,0,0,0,1,0,0,0,0,0,0,0,0,0,0,0,0,0,0,0,0,0,0,0,0,0,19,12,12,14,11,14,8,15,9,12,8,9,13,8,6,9,8,5,5,12,3,2,1,8,4,4,0,4,2,2,0,0,0,0,0,0,0,0,0,0,15,15,21,14,12,11,15,14,10,16,0,0,0,0,1,0,0,0,0,0,18,16,11,15,12,12,10,14,5,12,0,0,0,0,0,0,0,0,0,0,7,7,10,8,10,9,8,6,6,7,0,0,0,0,0,0,0,0,0,0,31,18,14,19,14,19,12,18,8,14,0,0,0,0,0,0,0,0,0,0,1,2,4,3,0,1,3,1,1,2,16,10,7,10,7,10,6,8,3,7,0,1,0,1,1,2,0,0,0,3,0,0,0,0,0,0,0,0,0,0,0,1,0,0,0,0,0,0,1,0,0,0,0,0,0,0,0,0,0,0
T>A,TTA,38,32,33,30,30,25,38,20,27,24,28,24,17,23,22,21,19,19,23,22,98,98,96,91,100,85,92,83,81,89,0,0,0,0,0,0,1,3,0,0,20,22,15,19,13,18,16,16,11,17,0,2,2,0,0,2,2,2,2,0,3,4,4,9,6,14,8,1,11,10,0,0,0,0,0,0,1,0,0,1,34,27,21,23,26,15,21,24,16,23,0,1,1,1,0,1,0,0,0,0,1,0,0,0,0,0,1,1,0,0,4,6,3,5,3,13,7,3,0,4,49,45,46,51,68,56,45,54,65,63,0,0,0,0,1,0,0,1,0,0,1,3,0,4,0,1,0,1,2,1,0,0,0,0,0,0,1,0,1,1,9,3,9,10,4,6,8,9,6,12,2,3,3,2,2,2,5,2,3,4,0,0,0,0,0,0,0,0,0,0,31,27,21,22,17,25,18,20,21,17,1,0,4,1,2,2,1,0,2,1,10,9,15,12,10,9,11,2,7,8,0,1,0,0,0,0,0,0,0,0,0,1,0,0,0,0,1,0,0,1,0,0,0,0,0,0,0,0,0,0,0,0,0,0,0,0,0,0,0,0,1,0,2,0,1,1,1,1,0,1,1,2,0,0,0,1,0,0,0,0,0,0,0,0,0,0,0,0,0,0,15,9,7,9,7,9,6,8,3,7,0,0,0,0,0,0,0,0,0,0,0,0,0,1,0,0,0,1,0,0,0,0,0,0,0,0,0,0,0,0,0,0,0,0,0,0,0,0,0,0
T>A,TTG,16,9,7,9,9,9,9,9,5,8,0,0,0,0,0,0,0,0,1,0,40,38,32,33,49,39,37,29,31,27,0,0,0,0,0,0,0,0,0,0,1,3,2,1,2,0,2,4,0,5,0,0,0,0,0,0,0,0,0,0,6,7,6,7,2,6,7,6,6,3,0,0,0,0,0,0,0,0,0,0,0,1,0,0,1,0,0,0,0,1,0,0,0,0,0,0,0,0,0,0,4,8,9,7,6,9,2,6,10,2,7,4,5,1,4,8,4,9,2,4,51,43,46,44,30,38,46,40,25,38,2,2,0,3,0,2,2,1,2,1,0,0,0,0,0,0,0,0,0,0,0,0,0,1,0,0,0,0,0,0,0,0,0,0,0,0,0,0,0,0,5,8,6,5,6,9,3,3,10,5,0,1,1,0,2,1,2,2,0,1,0,0,0,0,0,0,0,0,0,0,0,0,0,0,0,0,0,0,0,0,0,0,0,0,0,0,0,0,0,0,2,0,0,0,0,0,1,0,0,1,0,2,0,0,0,0,0,0,0,0,0,0,0,0,0,0,0,0,0,0,0,0,0,0,0,0,0,0,0,0,0,0,2,0,1,0,3,1,0,0,1,1,0,0,0,0,0,0,0,0,17,12,10,12,7,12,10,10,5,9,0,0,0,0,0,0,0,0,0,0,0,0,0,0,0,0,0,1,0,0,0,0,0,0,0,0,0,0,0,0,16,11,7,10,7,9,8,9,3,7,0,0,0,0,0,0,0,0,0,0
T>A,GTA,1,0,1,0,0,1,1,1,0,0,24,15,14,16,13,21,16,20,8,14,0,6,3,4,5,5,4,8,5,4,28,21,14,13,15,14,15,13,16,12,1,0,1,2,2,0,0,0,1,2,0,0,1,0,1,0,0,1,0,1,5,5,1,4,7,4,7,7,7,6,19,19,14,13,12,15,14,15,7,14,0,0,1,1,1,1,0,2,0,0,2,1,0,2,1,4,0,1,4,0,34,39,27,26,34,39,26,27,30,30,0,0,0,0,0,1,0,0,2,0,4,2,4,1,4,2,1,1,4,3,4,5,8,13,5,3,4,2,8,3,0,0,2,0,0,0,0,0,1,1,3,1,2,1,4,3,4,1,5,3,0,0,0,0,0,0,0,0,0,0,0,0,0,0,0,0,0,0,1,1,0,0,0,0,0,0,0,0,0,0,17,12,7,10,10,12,9,8,6,8,15,12,13,17,9,11,13,10,4,11,0,0,0,0,0,0,0,0,0,0,0,0,0,0,0,0,0,0,0,0,15,9,7,9,7,9,6,8,3,7,0,0,0,1,0,2,0,1,0,0,0,0,0,0,0,0,0,0,0,0,0,0,0,0,0,0,0,0,0,0,0,0,0,0,0,0,0,0,0,0,0,0,0,0,0,0,0,0,0,0,15,9,9,11,9,11,7,9,3,8,0,0,0,0,0,0,0,0,0,0,0,0,0,0,0,0,0,0,0,0,0,0,0,0,0,0,0,0,0,0,0,0,0,0,0,0,0,0,0,0
T>C,CTT,22,20,33,16,14,31,19,22,13,20,1,2,0,0,2,1,0,2,1,2,435,440,448,461,447,434,439,456,431,432,0,1,1,1,0,0,0,1,1,0,81,104,96,93,79,97,102,71,75,95,65,70,77,61,54,54,68,69,73,57,1,0,0,0,0,0,0,0,0,0,41,63,39,56,47,37,40,41,43,37,0,0,0,0,0,0,0,0,3,0,1,0,0,1,1,0,1,0,0,0,177,158,137,155,136,162,147,140,127,153,63,74,79,93,71,83,75,83,85,73,2,1,3,3,2,5,5,4,3,3,10,11,4,13,11,10,8,10,10,8,1,0,0,0,0,0,0,0,0,1,14,21,16,15,16,22,12,16,16,12,1,0,0,0,0,0,0,0,0,0,32,50,53,27,48,40,30,37,50,50,1,1,1,0,0,1,1,2,0,0,12,7,9,4,7,6,12,7,15,12,0,0,0,0,0,0,0,0,0,0,35,24,19,23,22,29,19,18,9,18,0,0,0,0,0,0,0,0,0,0,5,6,13,9,11,15,7,6,4,3,2,0,0,0,0,1,4,0,1,0,4,7,5,7,1,4,6,3,2,6,2,4,6,5,2,5,1,3,3,6,21,15,15,12,9,13,13,11,8,12,0,0,0,0,0,0,0,0,0,0,15,13,14,14,11,12,15,14,9,12,3,4,4,2,2,4,1,4,2,2,0,0,0,0,0,0,0,0,0,0,5,9,11,10,4,12,9,6,6,4,3,3,1,0,0,0,3,2,0,0
T>C,ATG,39,36,36,34,28,24,28,26,30,36,1,0,0,0,0,0,1,0,0,0,74,74,72,57,57,66,60,63,65,65,0,0,0,0,1,0,0,0,0,0,39,30,40,35,42,32,39,29,36,31,1,0,1,0,0,0,0,0,0,0,57,61,55,65,52,64,44,61,65,69,1,0,1,1,1,0,0,0,1,0,27,20,25,27,29,14,22,28,20,15,0,0,0,0,0,0,0,2,0,1,0,0,1,1,0,1,0,0,0,0,13,9,13,14,14,13,11,17,15,16,21,16,15,2,18,17,24,19,12,20,3,5,1,1,6,8,3,0,9,6,49,74,49,70,68,53,50,60,46,54,5,2,4,3,1,2,2,0,2,1,152,170,169,170,189,179,158,176,158,175,8,12,8,11,10,12,6,4,10,9,0,0,0,0,0,0,0,0,0,0,35,36,29,30,28,34,21,30,37,23,0,0,0,0,0,0,0,0,0,0,45,38,34,24,37,41,29,25,29,28,115,110,114,106,108,122,101,96,116,94,27,21,21,19,14,21,17,13,10,16,0,0,0,0,1,0,0,0,0,0,0,0,0,0,0,0,0,0,0,0,2,2,0,2,1,1,2,3,1,1,1,0,0,1,0,1,0,0,0,0,1,0,3,2,1,1,2,1,3,0,0,0,0,0,0,0,0,0,0,0,0,1,0,0,0,0,0,0,0,0,0,0,0,0,0,0,0,0,0,0,3,4,5,4,4,8,4,9,6,2,1,5,4,4,4,5,4,4,0,5
T>C,GTC,39,30,30,38,32,33,35,30,21,41,2,4,6,3,3,2,6,2,2,3,21,11,11,13,10,14,15,11,5,12,8,7,7,6,7,7,5,8,5,6,75,60,70,64,62,61,56,57,60,45,40,39,28,34,29,40,29,40,31,31,38,48,47,37,43,44,43,45,42,49,0,0,2,0,0,0,0,0,1,0,19,16,19,13,9,10,12,9,19,7,8,4,6,11,10,9,10,4,7,7,10,17,14,21,11,14,16,13,20,8,2,2,3,1,0,1,1,2,2,2,3,2,4,6,4,8,4,5,2,3,0,0,0,0,0,0,0,0,1,0,27,23,27,30,28,33,19,21,25,29,0,0,0,0,0,0,0,0,0,0,21,19,23,25,30,25,26,11,18,21,8,10,9,9,9,7,5,9,7,5,20,18,19,15,20,14,14,15,7,12,3,2,3,1,3,1,1,0,6,1,1,1,0,0,0,0,0,0,0,0,1,0,1,0,0,0,0,0,0,0,18,18,16,14,13,15,17,15,8,20,0,0,0,0,0,0,0,0,0,0,11,5,9,10,9,8,14,3,11,3,16,9,12,10,8,13,8,13,7,7,1,1,0,1,1,0,1,1,1,1,0,1,0,0,0,0,0,0,1,0,0,0,0,0,0,0,0,0,0,0,0,0,0,0,0,0,0,0,0,0,1,0,0,1,0,0,0,0,0,1,3,6,8,6,3,3,7,2,3,4,1,2,1,4,2,1,0,1,0,0,0,0,0,0,0,0,0,0,0,0
T>C,ATC,0,1,0,0,0,0,0,0,0,0,0,0,0,0,0,0,0,0,0,0,79,70,89,71,82,85,72,74,51,67,73,72,69,67,78,67,65,77,78,72,74,76,55,67,75,61,60,69,54,59,99,77,84,90,100,81,84,98,96,87,0,0,0,0,1,0,0,0,0,0,20,21,17,23,18,31,24,25,20,18,81,56,53,68,65,53,66,70,52,64,1,0,4,3,1,2,2,1,2,1,267,260,285,281,219,281,258,267,259,278,57,51,55,64,49,50,63,54,52,59,63,59,61,53,49,51,61,60,43,49,39,27,22,32,29,22,19,31,35,34,25,34,37,37,43,27,46,39,34,34,25,16,11,13,20,13,17,16,12,12,0,0,0,0,0,0,0,0,0,0,11,11,15,10,15,11,16,14,11,15,22,15,13,20,13,20,16,22,5,11,18,12,10,13,15,10,9,10,5,10,29,20,21,21,15,19,18,17,17,11,21,19,12,11,12,15,12,11,12,12,15,10,7,9,7,9,6,8,4,7,0,0,0,0,0,0,0,0,0,0,0,0,0,0,0,0,0,0,0,0,20,10,8,10,8,13,10,10,5,10,19,13,9,9,8,9,9,10,5,10,1,1,1,1,0,0,2,3,1,1,1,0,0,0,1,0,2,1,1,1,2,1,3,1,0,3,3,2,2,4,0,0,0,0,0,0,0,0,0,0,1,1,4,0,0,2,0,0,2,1,0,0,0,0,0,0,0,0,0,0,3,1,1,1,1,0,0,1,1,1
T>C,ATA,14,15,9,4,6,5,4,5,7,6,1,0,0,0,0,1,0,0,0,0,0,0,0,0,0,0,0,0,0,0,89,93,81,73,71,88,81,79,77,71,54,50,62,58,57,60,51,53,58,57,0,0,0,0,0,0,0,0,0,0,0,0,0,0,0,0,0,0,0,0,168,146,176,177,190,172,170,173,156,194,417,389,402,430,413,388,373,413,400,375,0,0,1,0,0,0,0,0,0,0,62,65,67,48,55,46,47,51,42,60,73,72,61,69,66,59,75,71,76,81,0,0,0,1,1,1,1,0,0,1,0,0,0,0,0,0,0,0,0,0,77,79,86,52,57,62,59,73,67,61,0,0,0,0,0,0,0,0,0,0,33,35,34,37,39,36,31,25,26,30,0,0,0,0,0,0,0,0,0,0,0,0,0,0,0,0,0,0,0,0,2,0,0,0,2,0,1,1,4,2,0,0,0,0,0,0,1,1,0,2,0,0,0,0,0,0,0,0,1,0,0,1,0,1,1,0,0,0,0,1,1,0,0,0,0,1,0,0,0,0,0,0,0,0,0,0,0,0,0,0,17,16,11,14,9,11,9,8,5,8,23,20,23,18,19,22,23,23,21,23,0,0,0,0,0,0,0,0,0,0,0,0,0,0,0,0,0,0,0,0,0,0,0,0,0,0,0,0,0,0,1,2,4,3,1,2,3,0,2,5,15,9,7,9,7,9,6,8,3,7,0,0,0,0,0,0,0,0,0,0,4,3,4,3,2,2,0,3,2,3
T>C,GTG,0,0,0,0,0,0,0,0,0,0,0,0,0,0,0,0,0,0,0,0,0,0,0,0,0,0,0,0,0,0,0,0,0,0,0,0,0,0,0,0,0,0,0,0,0,0,0,0,0,0,20,17,22,24,10,26,32,12,23,16,0,0,0,0,0,0,0,0,0,0,0,0,0,0,0,0,0,0,0,0,70,74,56,65,83,65,57,52,54,69,40,33,31,45,40,47,31,29,27,38,0,0,0,0,0,0,0,0,0,0,0,0,0,0,0,0,0,0,0,0,15,17,20,22,15,20,26,11,16,17,0,0,0,0,0,0,0,0,0,0,32,36,39,31,35,34,31,33,33,41,0,0,0,0,0,0,0,0,0,0,0,0,0,0,0,0,0,0,0,0,21,27,28,22,29,13,20,21,17,22,0,0,0,0,0,0,0,0,0,0,23,28,21,27,22,27,29,17,20,23,0,0,0,0,0,0,0,0,0,0,16,10,9,10,10,12,6,9,3,8,0,1,1,1,0,1,0,0,2,0,0,0,0,0,0,0,0,0,0,0,0,0,0,0,0,0,0,0,0,0,0,0,0,0,0,0,0,0,0,0,0,0,0,0,0,0,0,0,0,0,0,0,0,0,0,0,0,0,0,0,1,0,0,0,0,0,0,0,0,0,0,0,0,0,0,0,0,0,0,0,0,0,3,1,1,6,0,3,1,2,0,0,0,0,0,0,0,0,0,0,0,3,1,0,0,1,1,1,1,0,15,9,8,11,7,10,6,9,4,8
T>C,TTT,13,13,16,12,24,12,14,14,12,13,204,190,201,204,190,205,201,180,170,216,429,483,491,508,479,473,515,495,524,462,115,139,124,139,119,119,136,120,120,99,88,85,84,83,95,82,74,90,85,74,18,22,22,24,28,24,25,20,28,27,291,296,305,301,301,278,311,300,268,288,3,2,4,2,3,4,4,6,3,4,0,1,0,0,0,0,0,0,0,0,141,120,107,112,103,130,110,106,119,117,105,105,113,121,110,113,116,105,107,126,97,72,105,79,100,98,98,98,81,107,67,65,63,71,63,61,59,61,40,61,153,121,138,140,136,130,152,134,131,127,29,34,18,19,23,29,17,37,23,29,0,1,1,0,1,0,1,1,0,1,88,63,69,81,68,78,72,63,50,72,0,0,1,0,1,2,1,2,1,1,60,69,51,70,59,67,59,48,57,57,12,17,19,8,13,9,18,12,13,13,64,41,40,48,36,40,35,38,22,31,11,8,10,7,8,9,6,10,3,8,77,54,59,67,43,61,52,59,40,51,82,73,79,92,84,91,83,71,81,81,0,0,0,0,0,0,0,0,0,0,0,0,0,0,0,0,0,0,0,0,19,10,12,12,9,13,8,9,4,11,31,31,33,21,26,27,29,26,25,24,18,13,9,10,8,11,8,12,5,11,5,1,5,1,3,5,2,2,0,1,0,0,0,0,0,0,0,0,0,0,21,14,17,17,13,14,16,22,11,15,0,0,0,0,0,0,0,0,0,0,24,13,14,14,13,13,15,12,7,10
T>C,ATT,89,68,97,104,80,76,79,94,82,81,77,53,56,51,54,61,36,53,53,41,0,0,0,0,0,1,1,0,0,2,0,1,1,0,0,1,0,1,0,0,121,104,104,100,98,111,104,117,103,101,926,961,961,958,959,939,943,979,973,979,107,125,108,114,127,141,119,139,140,121,347,387,360,351,338,351,357,333,342,365,48,56,51,39,55,52,49,61,64,57,0,0,0,0,0,0,0,0,0,0,0,0,0,0,0,0,0,0,0,0,129,95,116,108,107,101,98,119,107,101,94,98,83,92,97,92,103,95,96,91,3,3,6,4,5,2,3,2,2,2,0,0,0,0,0,0,0,0,0,1,83,80,84,73,82,80,69,62,64,66,38,38,36,39,36,40,36,39,31,41,27,37,39,39,47,34,32,28,32,39,10,5,8,13,12,12,12,14,5,6,34,32,34,33,33,28,38,34,30,39,0,0,3,2,1,0,1,1,2,1,0,0,0,0,0,0,0,0,0,0,11,11,12,2,5,4,5,8,11,8,118,99,110,97,101,122,100,98,109,88,3,0,0,0,0,0,1,1,1,0,0,0,0,0,0,0,0,0,0,0,0,0,0,0,0,0,0,0,0,1,19,15,14,15,7,13,11,12,5,12,1,1,2,1,0,0,1,4,0,0,6,4,7,3,7,6,6,6,5,4,1,3,3,1,3,1,2,2,1,1,2,0,1,1,0,0,2,0,0,2,0,0,0,0,0,0,0,0,0,0,1,3,2,1,1,0,2,0,1,1
T>C,CTG,4,3,3,2,0,4,3,1,1,2,0,2,0,1,1,0,0,0,1,0,0,0,0,0,0,0,0,0,0,0,28,23,18,27,18,22,27,19,23,11,0,0,0,0,0,0,0,0,0,0,590,565,591,599,563,576,578,596,587,584,0,0,0,0,0,0,0,1,0,0,18,27,21,25,25,23,37,27,21,26,8,4,5,9,4,5,6,5,8,9,1,1,1,4,0,1,0,1,0,0,6,15,11,16,11,9,11,6,11,12,7,3,2,2,7,5,5,2,2,8,51,54,49,55,49,51,38,47,54,42,0,0,0,0,1,1,0,0,0,0,13,17,13,9,15,9,10,15,12,11,4,3,1,4,3,3,5,3,4,4,0,0,0,0,0,0,0,0,0,0,0,0,0,0,0,0,0,0,0,0,0,0,1,0,0,0,0,0,0,0,0,1,0,0,2,2,0,3,1,0,0,0,0,0,0,0,0,0,0,0,0,0,0,0,0,0,0,0,0,0,0,0,0,0,0,0,0,0,0,0,3,5,5,6,9,8,6,2,6,4,16,13,11,10,8,10,9,12,7,10,0,0,0,0,0,0,0,0,0,0,0,0,0,0,0,0,0,0,0,0,5,5,1,3,3,5,5,6,3,5,16,11,7,11,7,12,9,9,3,8,0,0,1,0,0,0,0,0,0,0,0,0,0,0,0,0,0,0,0,0,0,0,0,0,0,0,0,0,0,0,0,0,0,0,0,0,0,0,0,0,0,0,1,0,0,0,0,0,0,0
T>C,GTT,0,0,0,0,0,0,0,0,0,0,10,8,10,10,5,9,9,9,9,6,3,7,3,6,0,10,7,7,7,7,0,1,0,0,0,1,1,0,0,0,0,0,0,0,0,0,0,0,0,0,58,66,53,52,59,62,48,58,64,57,0,0,0,0,0,0,0,0,0,0,0,0,0,0,0,0,1,0,0,0,0,0,0,1,0,0,0,0,0,0,38,46,41,44,47,49,43,29,54,41,15,16,13,13,15,15,17,17,14,21,8,10,14,9,5,12,15,14,14,8,65,52,54,51,50,56,53,51,48,55,59,58,55,60,63,60,59,66,58,61,0,0,0,0,0,0,0,0,0,0,0,0,0,0,0,0,0,0,0,0,2,3,8,6,5,5,11,6,6,0,1,0,0,1,0,0,0,0,0,0,0,0,0,0,0,0,0,0,0,0,1,0,2,1,0,1,1,3,2,4,3,1,6,2,4,4,4,1,1,5,0,0,1,0,0,0,0,0,0,0,0,0,0,0,0,0,0,0,0,0,0,0,0,0,0,0,0,1,0,0,0,0,0,0,0,0,0,0,0,0,0,6,6,3,2,4,3,4,4,6,0,0,0,0,0,0,1,0,0,0,0,0,0,1,0,0,0,0,0,0,0,5,4,4,2,1,2,0,3,3,0,0,0,1,0,0,0,0,0,0,1,1,0,0,1,0,0,0,0,0,20,14,13,16,10,13,11,13,4,15,0,0,0,0,0,0,0,0,2,0,0,0,0,0,0,0,0,0,0,0
T>C,CTA,22,18,14,14,19,16,12,12,8,20,0,0,0,0,0,0,0,0,0,0,0,0,0,0,0,0,0,0,0,0,0,0,0,0,0,0,0,0,0,0,29,37,32,27,22,32,31,26,33,28,0,1,0,0,0,0,0,0,2,0,0,0,0,1,0,0,0,0,0,0,57,57,55,46,46,46,53,54,65,59,190,194,186,189,190,178,166,182,164,175,71,86,71,91,69,92,88,76,66,70,0,0,0,0,0,0,0,0,1,0,47,51,65,56,56,59,64,61,46,66,183,233,195,201,198,203,199,207,195,219,0,0,0,0,0,1,1,0,0,1,31,25,21,24,24,23,23,26,26,21,0,0,0,0,0,0,0,0,0,0,0,1,0,2,1,6,0,0,3,1,0,0,0,0,0,0,0,0,0,0,0,0,0,0,1,0,0,0,0,1,0,0,0,0,0,0,0,0,0,0,0,0,0,0,0,0,0,0,0,0,4,6,6,6,7,8,1,3,3,9,0,0,0,0,0,0,0,0,0,0,5,2,2,3,3,2,1,3,3,2,0,0,0,0,0,0,1,1,0,1,0,0,0,0,0,0,0,0,0,0,1,0,0,0,0,1,0,0,0,0,5,11,2,5,3,4,7,8,3,4,0,0,0,0,0,0,0,0,0,0,2,5,3,3,5,3,5,1,0,2,0,0,0,0,0,0,0,0,0,0,0,0,0,0,0,0,0,0,0,0,0,0,0,0,0,0,0,0,0,0,0,0,0,0,0,0,0,0,0,0
T>C,CTC,1,0,0,1,0,0,0,0,0,2,0,0,0,0,0,0,0,0,0,0,0,0,0,0,0,0,0,0,0,0,17,30,21,23,22,18,20,23,23,21,98,112,105,95,115,97,122,92,87,109,30,25,16,28,26,25,23,24,33,26,0,0,0,0,0,0,0,0,0,0,0,0,0,0,0,0,0,0,0,0,3,3,0,1,4,5,2,5,2,5,0,0,0,0,0,0,0,0,0,0,0,2,3,2,2,0,0,1,2,0,0,0,0,0,0,0,0,0,0,0,62,49,54,50,51,58,52,57,50,50,175,148,164,146,150,143,123,177,151,145,0,0,0,0,0,0,0,0,0,0,0,0,0,0,0,0,0,0,0,0,0,0,0,0,0,0,0,0,0,0,0,0,0,0,0,0,0,0,0,0,0,1,0,0,0,0,1,0,0,0,41,39,47,44,33,39,40,30,43,44,1,0,0,0,0,0,0,0,0,0,0,0,0,0,0,0,0,0,0,0,2,1,0,3,3,1,2,0,0,0,6,11,7,12,5,10,6,4,9,7,0,0,0,0,0,1,0,0,0,0,15,11,7,9,8,10,6,9,3,7,16,10,8,12,11,10,8,9,3,7,5,3,4,1,1,4,2,0,2,1,0,0,0,0,0,0,0,0,0,0,0,0,0,0,0,0,0,0,0,0,0,0,0,0,0,0,0,0,0,0,0,0,0,0,0,0,0,0,0,0,0,2,4,2,2,2,1,3,2,3,0,0,0,0,0,0,0,0,0,0
T>C,TTC,0,2,1,3,0,1,1,1,0,1,103,121,126,116,117,120,132,98,124,101,42,26,33,26,28,23,20,30,23,26,261,277,266,240,262,267,269,286,252,242,3,4,6,8,6,4,2,3,4,11,239,229,211,226,220,232,224,222,212,232,0,1,1,0,0,0,0,0,0,2,126,127,117,150,136,134,137,148,123,121,109,98,107,92,104,87,91,122,94,93,56,59,62,75,57,64,59,57,56,69,0,0,0,0,0,0,0,0,0,0,0,0,0,0,0,0,0,0,0,0,0,0,0,0,0,0,0,0,0,0,92,93,69,107,69,83,77,101,71,71,2,0,2,1,1,1,1,2,2,0,0,0,0,0,0,0,0,0,0,0,394,437,442,424,447,446,428,408,426,435,136,109,122,115,97,138,111,112,105,138,28,23,24,18,12,22,15,30,28,21,11,8,8,6,6,5,7,6,7,6,48,43,47,42,34,43,43,31,26,34,110,105,113,112,106,116,109,92,111,93,4,7,9,7,4,4,8,9,10,8,26,19,14,17,15,19,12,11,13,14,30,20,19,16,20,17,19,20,13,19,0,0,0,0,0,0,0,0,0,0,7,5,1,4,4,4,3,2,8,4,2,1,1,2,2,0,0,0,0,0,53,35,33,33,29,34,33,31,19,29,18,10,14,14,13,17,12,9,5,10,22,20,17,15,10,17,14,12,7,12,52,39,44,28,33,35,36,37,27,30,5,3,10,6,3,8,9,4,6,5,5,1,3,5,0,4,4,1,1,3
T>C,TTA,52,39,42,48,75,53,41,46,45,65,69,73,63,75,74,66,65,69,91,77,16,12,11,17,7,19,20,14,21,11,0,1,0,0,0,0,1,0,1,0,157,187,163,142,158,165,149,154,150,175,73,63,76,66,66,65,68,64,71,67,69,61,67,85,74,54,84,88,66,66,148,140,153,140,131,158,133,151,144,129,42,60,53,52,60,57,56,58,39,47,6,8,4,3,3,10,4,7,6,3,120,147,136,152,121,134,124,128,136,135,1,0,0,1,0,0,0,1,0,2,213,187,188,180,190,193,185,172,166,205,2,1,2,0,0,1,0,2,1,1,35,34,39,26,32,37,23,31,45,36,437,461,480,467,495,484,458,449,425,459,67,76,66,73,61,69,73,75,81,75,13,12,20,12,11,16,15,7,14,16,0,0,0,0,0,0,0,0,0,0,76,66,67,69,57,60,71,54,52,50,15,20,14,11,21,15,19,13,17,12,7,6,3,4,7,7,5,5,9,1,44,42,37,42,40,34,38,35,37,32,43,35,31,35,27,48,30,26,28,33,0,0,0,0,0,0,0,0,0,0,15,9,7,10,7,9,6,8,3,7,38,34,46,35,31,42,39,37,33,20,6,2,5,4,3,9,5,2,4,4,0,0,0,0,0,0,0,0,0,0,28,22,16,18,16,19,18,21,9,18,1,5,3,3,3,1,2,3,1,2,2,5,1,4,2,3,0,0,2,0,0,0,0,0,0,0,0,0,0,0,3,4,4,2,3,1,4,3,2,0
T>C,TTG,1,3,4,1,1,2,2,3,1,2,47,39,37,43,45,47,41,48,39,30,16,14,18,15,16,11,13,17,13,19,5,7,5,7,9,8,5,8,9,10,58,51,56,59,49,57,62,53,50,48,0,0,0,0,0,0,0,0,0,0,86,84,85,77,74,78,87,79,72,75,0,0,0,0,0,0,0,0,0,0,1,1,0,0,0,1,1,0,1,0,0,0,0,0,0,0,0,0,0,0,115,85,94,114,105,95,96,101,101,103,250,248,240,269,229,241,252,236,252,257,201,188,169,195,188,181,202,162,154,187,272,263,249,279,231,262,269,237,262,263,0,0,0,0,0,0,0,0,0,0,0,0,0,0,0,0,0,0,0,0,50,39,34,34,37,38,29,38,19,33,111,129,130,110,135,129,112,125,116,124,40,53,45,43,51,48,54,41,42,47,0,0,0,0,0,0,0,0,0,0,0,0,0,0,0,0,0,0,0,0,0,0,0,0,0,0,0,0,0,0,31,22,22,25,16,27,23,24,23,17,0,0,2,0,0,0,0,0,0,0,0,0,0,0,0,0,0,0,0,0,0,1,1,0,0,2,1,1,2,0,2,3,2,4,0,1,3,2,5,1,0,0,0,0,0,0,0,0,0,0,21,12,15,13,13,15,13,10,7,12,0,0,0,0,0,0,0,0,0,0,6,4,4,0,4,4,5,4,3,1,0,0,0,0,0,0,0,0,0,0,1,1,2,0,0,3,1,1,2,0,0,0,0,0,0,0,0,0,0,0
T>C,GTA,1,3,0,1,0,0,0,2,0,1,9,6,7,12,11,7,13,10,6,12,118,145,137,116,124,121,135,157,129,122,3,4,8,0,8,7,8,5,6,1,46,56,52,57,33,43,56,45,45,37,0,0,0,0,0,0,0,0,0,0,10,11,13,9,3,4,4,7,8,6,11,12,12,12,9,8,12,7,15,8,48,41,42,45,44,48,41,40,43,46,108,118,123,125,131,112,119,130,137,135,243,212,243,205,233,211,221,229,204,219,9,7,8,12,7,14,8,14,16,9,0,0,0,0,0,0,0,1,0,0,25,25,20,19,23,19,20,27,25,18,1,1,1,0,1,0,0,1,0,0,0,0,0,0,0,0,0,0,0,2,30,34,27,33,31,27,33,32,28,30,0,1,0,0,1,1,0,0,1,0,0,0,0,0,0,1,0,0,0,0,4,7,4,2,3,3,3,1,3,0,2,1,3,2,5,0,3,1,1,3,0,0,0,0,0,0,0,0,0,0,1,0,0,1,0,0,1,1,0,0,18,9,11,9,9,9,8,10,4,9,3,2,1,1,3,1,1,2,2,2,0,0,0,0,0,0,0,0,0,0,0,0,0,0,0,0,0,0,0,0,0,0,3,0,0,0,0,0,0,0,0,0,0,0,0,0,0,0,0,0,1,1,0,0,1,0,1,0,0,0,1,1,0,0,0,0,0,0,0,0,0,0,0,0,0,0,0,0,0,0,1,0,1,0,0,0,1,1,1,1,1,0,1,0,0,0,0,0,0,0
T>G,CTT,9,7,3,8,10,10,7,3,19,8,1,1,4,4,4,7,5,2,5,5,36,24,18,19,21,22,17,26,17,25,0,1,0,1,0,0,0,0,0,0,1,0,0,3,0,0,1,0,0,1,9,5,5,6,5,4,8,5,5,13,1,1,2,1,2,2,0,2,2,2,0,1,3,0,0,0,0,0,0,0,0,0,0,0,0,0,0,0,0,0,0,0,0,0,0,0,2,0,0,1,4,4,4,8,4,4,3,3,8,8,15,9,7,10,9,11,7,10,3,9,3,3,2,0,3,1,2,1,0,3,28,22,28,29,25,23,37,31,26,23,0,0,1,0,0,0,1,0,0,0,0,2,2,1,1,2,2,0,0,2,1,0,1,0,0,0,0,0,0,0,66,71,71,76,69,68,66,62,40,59,1,10,8,8,3,7,10,3,7,6,0,0,0,0,0,0,0,0,1,0,0,0,0,0,0,0,0,0,0,0,3,1,0,1,0,0,1,0,0,0,0,0,0,0,0,0,0,0,0,0,1,3,1,2,2,0,2,6,0,0,0,0,0,0,0,0,0,0,0,0,0,0,0,0,0,0,1,0,0,0,0,0,0,0,1,1,1,0,0,0,2,1,0,3,1,0,3,2,1,0,2,1,0,2,0,3,0,1,0,1,0,0,0,0,0,2,1,1,0,0,15,9,7,9,8,11,6,8,4,7,0,0,0,0,0,0,0,0,0,0,15,10,7,9,7,9,7,9,3,8,0,1,1,0,0,0,0,0,0,1
T>G,ATG,1,1,0,2,3,1,2,3,2,3,0,0,1,0,0,0,0,1,0,0,16,10,9,10,10,9,8,9,4,8,1,0,0,0,0,0,2,0,0,1,0,1,1,3,2,1,0,0,2,1,23,11,11,13,15,13,12,14,12,10,44,37,42,33,45,39,35,39,23,32,8,7,4,2,12,6,9,4,4,16,0,1,0,1,0,3,2,1,0,0,0,0,0,0,0,0,1,0,0,0,0,0,0,0,0,0,0,0,0,0,2,3,5,3,1,2,2,1,3,0,3,2,3,3,3,1,2,0,1,4,0,0,0,1,0,0,0,0,1,0,9,13,7,9,6,14,8,12,14,11,2,1,1,2,2,1,1,0,0,1,0,0,0,0,0,0,0,0,0,0,3,2,5,4,3,2,4,7,6,2,0,0,0,0,0,0,0,0,0,0,1,2,3,5,2,5,7,6,2,7,0,0,0,0,0,0,0,0,0,0,1,2,3,1,1,4,1,2,2,2,15,10,7,12,7,10,6,8,4,9,16,11,7,10,9,10,8,11,5,8,0,0,0,0,0,0,0,0,0,0,0,0,0,0,0,0,0,0,0,0,0,0,0,0,0,0,0,0,0,0,0,0,0,0,0,0,0,0,0,0,0,0,0,0,0,0,0,0,0,0,0,0,0,0,0,0,0,0,0,0,0,0,0,0,0,0,0,0,0,0,0,0,0,0,0,0,0,0,0,0,0,0,1,0,0,0,2,0,2,1,16,9,7,9,7,9,6,10,3,7
T>G,GTC,1,4,3,1,4,2,2,1,2,4,2,0,1,0,2,0,4,0,0,0,2,4,4,4,4,3,3,2,1,7,1,2,3,2,2,0,2,1,5,0,1,2,1,5,2,1,1,1,1,2,2,1,1,0,2,2,2,1,1,2,16,8,12,15,8,11,8,12,6,14,2,2,4,1,0,0,2,2,1,1,2,2,4,3,4,2,2,2,3,1,3,3,3,3,4,3,1,2,2,4,2,1,5,2,4,0,1,1,2,1,5,5,1,4,5,5,5,2,3,5,1,6,2,4,2,3,1,1,2,1,0,0,0,0,0,0,0,0,0,0,6,4,6,4,3,2,4,6,4,4,0,0,1,0,1,0,0,0,1,0,1,3,2,0,0,4,3,2,3,5,16,10,7,10,7,12,7,10,3,8,0,4,4,1,1,2,1,2,3,4,0,1,2,4,0,1,2,1,1,3,0,0,0,0,0,0,0,0,0,0,0,0,0,0,0,0,0,0,0,0,1,1,0,0,0,1,1,1,2,0,0,0,0,0,0,0,0,0,0,0,0,0,0,0,0,0,0,0,0,1,0,0,0,0,0,0,0,0,0,0,1,0,0,1,2,1,1,0,0,0,15,9,7,9,7,9,6,8,3,7,0,0,0,0,0,0,0,0,0,0,0,0,0,0,0,0,0,0,0,0,0,1,0,1,0,0,0,0,0,0,45,27,22,27,21,27,18,24,9,21,0,1,0,0,1,0,0,1,0,0,0,0,0,0,0,0,0,0,0,0
T>G,ATC,0,0,0,0,0,0,0,0,0,1,0,0,0,0,0,0,0,0,0,0,0,2,2,0,0,1,0,0,1,1,0,0,0,0,0,0,0,0,0,0,1,1,0,1,0,0,3,1,1,2,0,0,0,0,0,0,0,0,0,0,1,4,1,5,5,2,5,4,6,6,0,0,0,1,1,0,1,1,0,0,0,4,4,3,1,1,6,1,5,2,0,0,0,0,0,0,1,0,1,0,2,3,2,0,6,1,2,3,3,3,6,2,4,4,1,2,5,5,10,5,0,2,3,0,1,2,5,2,4,1,0,0,0,0,0,0,0,0,0,0,21,12,13,10,11,13,11,12,8,9,0,0,0,0,0,0,0,0,0,0,0,0,0,0,0,0,0,0,0,0,1,2,1,3,1,2,3,2,1,1,0,1,0,0,0,0,0,0,0,0,18,14,12,12,13,15,11,15,6,8,0,0,0,0,0,0,0,1,0,2,0,0,0,0,0,0,0,0,0,0,0,0,0,0,1,1,0,0,0,0,0,0,0,0,0,0,0,0,0,0,0,0,0,0,0,0,0,0,0,0,0,0,0,0,0,0,0,0,0,0,0,0,1,0,0,0,0,0,0,0,0,0,0,1,0,0,0,1,0,0,0,0,0,0,0,0,0,0,0,0,5,2,2,2,1,3,1,3,1,3,0,0,0,0,0,0,0,0,0,0,0,0,0,0,0,0,0,0,0,0,0,0,0,0,0,0,0,0,0,0,0,0,0,0,0,0,0,0,0,0
T>G,ATA,0,0,0,0,1,1,0,0,0,0,0,1,1,0,0,0,0,0,0,0,0,0,0,0,0,0,0,0,0,0,19,15,10,13,12,11,9,13,10,13,0,0,0,0,0,0,0,0,0,0,0,0,0,0,0,1,0,0,0,0,0,0,0,0,0,0,0,0,0,0,0,0,1,0,0,1,1,0,1,2,39,41,40,36,40,51,47,26,57,42,6,14,5,13,4,9,9,10,17,7,0,0,0,1,2,0,1,0,0,1,0,1,0,0,1,0,0,0,0,0,0,0,0,0,0,0,0,0,0,0,0,0,0,1,0,0,0,0,0,0,5,1,1,2,1,5,2,3,1,1,0,0,0,0,0,0,0,0,0,0,0,0,0,0,1,0,0,0,0,0,0,0,0,0,0,0,0,0,0,0,0,0,0,0,0,0,0,0,0,0,16,9,8,9,8,9,7,8,4,7,0,0,0,0,0,0,0,0,0,0,0,0,0,0,0,0,0,0,0,0,0,0,0,0,0,0,0,0,0,0,15,12,8,10,9,11,8,8,3,8,0,0,0,0,0,0,0,0,0,0,0,0,0,0,0,0,0,0,0,0,2,0,0,0,0,1,1,1,0,0,0,0,0,0,0,0,0,0,0,0,0,0,0,0,0,0,0,0,0,0,0,0,0,0,0,0,0,0,0,0,0,0,0,0,0,0,0,0,0,0,0,0,0,0,0,0,0,0,0,0,0,0,0,0,0,0,0,0,0,0,0,0,0,0,0,0,0,0,0,0
T>G,GTG,0,0,0,0,0,0,0,0,0,0,0,0,0,0,0,0,0,0,0,0,0,0,0,0,0,0,0,0,0,0,0,0,0,0,0,0,0,0,0,0,0,0,0,0,0,0,0,0,0,0,11,23,17,17,12,13,18,13,17,16,0,1,0,1,0,0,0,0,0,0,0,0,0,0,0,0,0,0,0,0,41,26,23,27,20,32,21,28,27,25,48,69,52,57,70,59,64,55,54,66,0,0,0,0,0,0,0,0,0,0,0,0,0,0,0,0,0,0,0,0,62,43,36,48,47,49,39,44,35,43,0,0,0,0,0,0,0,0,0,0,5,4,3,4,1,7,4,3,3,2,0,0,0,0,1,1,0,0,0,0,0,0,0,0,0,0,0,0,0,0,10,9,7,5,13,11,8,12,14,12,0,0,0,0,0,0,0,0,0,0,1,0,1,0,2,0,0,1,0,1,0,0,0,0,0,0,0,0,0,0,4,3,2,2,4,4,3,5,4,3,20,13,12,13,12,15,15,13,11,17,0,0,0,0,0,0,0,0,0,0,0,0,1,0,0,0,0,0,0,0,0,0,1,0,0,0,0,0,0,0,0,0,0,0,0,0,0,0,0,0,0,0,0,0,0,0,0,0,0,0,0,0,0,0,0,0,0,0,0,0,0,0,0,0,0,0,0,0,0,0,16,10,8,10,9,10,6,8,6,8,0,0,0,0,0,0,0,0,0,0,0,2,0,0,0,0,0,0,0,0,0,0,0,0,0,0,0,0,0,0
T>G,TTT,5,8,10,11,8,6,9,4,7,6,1,3,1,1,4,3,4,2,7,7,46,37,44,28,30,32,23,39,25,31,10,6,7,11,11,15,13,10,10,13,0,3,3,1,1,1,2,1,1,1,33,31,22,25,36,25,26,32,24,24,117,99,121,111,98,101,99,110,88,109,47,50,40,45,43,50,36,50,41,46,0,0,0,0,0,0,0,1,0,0,5,1,6,4,6,4,7,7,4,4,57,36,50,53,39,37,54,47,48,46,21,12,9,11,10,13,8,10,4,11,1,5,0,1,2,0,2,0,1,0,56,56,42,48,51,42,59,39,46,37,46,43,51,48,39,32,35,48,44,48,0,1,0,0,1,0,0,0,0,0,1,0,0,0,0,0,0,0,0,0,0,0,0,0,0,0,0,0,0,0,0,2,3,1,2,1,2,2,1,0,2,1,1,1,2,2,2,1,0,1,0,0,0,0,2,0,4,1,1,0,0,0,0,0,0,0,0,0,0,0,0,0,0,0,0,1,1,1,1,1,2,3,2,3,0,1,2,0,1,2,0,0,0,0,0,0,0,0,0,0,0,0,0,0,0,0,0,0,0,0,1,1,1,2,1,2,4,1,0,0,4,3,1,2,2,4,1,1,1,2,0,0,0,0,0,0,0,0,0,0,0,0,0,0,0,0,0,0,0,0,0,0,0,0,0,0,0,0,0,0,26,12,11,15,11,13,14,12,7,12,0,0,0,0,0,0,0,0,0,0,0,2,0,0,0,0,0,0,0,0
T>G,ATT,2,3,2,0,3,3,4,5,0,0,1,1,4,1,0,2,3,1,1,1,0,0,0,0,0,0,0,0,0,0,4,6,6,5,6,4,8,4,6,6,34,36,36,31,25,35,31,29,32,37,17,10,11,13,8,12,6,8,6,9,3,2,1,3,0,3,2,2,3,1,54,52,46,53,52,53,46,60,41,56,11,7,14,16,9,14,20,12,17,17,0,0,0,0,0,0,0,0,0,0,0,0,0,0,0,0,0,0,0,0,0,0,0,0,0,0,1,0,0,0,1,0,0,1,0,0,0,0,3,2,0,0,0,0,0,0,1,0,0,0,1,0,0,0,1,1,0,0,0,0,0,1,0,0,0,0,0,0,0,0,6,8,4,5,5,1,9,12,8,6,6,4,6,3,9,9,7,2,3,3,0,1,2,2,2,1,1,0,0,1,0,0,0,0,0,0,0,0,0,0,1,0,0,1,1,0,0,0,1,1,0,0,0,0,0,0,0,0,0,0,0,0,0,0,0,0,0,0,0,0,2,1,2,0,1,1,3,2,2,1,0,0,0,0,0,0,0,0,0,0,0,0,0,0,0,0,0,0,0,0,0,0,1,0,0,0,0,1,0,0,2,3,5,7,0,10,2,3,2,2,0,1,1,0,0,0,0,1,0,0,16,11,13,13,11,14,12,15,6,9,17,10,8,9,7,10,7,11,6,8,0,1,0,1,0,0,0,0,0,1,0,0,0,0,0,0,0,0,0,0,0,1,0,0,0,0,0,0,0,0
T>G,CTG,17,12,12,14,11,14,12,11,9,8,1,0,0,0,2,0,0,1,3,0,0,0,0,0,0,0,0,0,0,0,2,0,2,4,1,5,2,0,2,2,0,0,0,0,0,0,0,0,0,0,29,24,18,29,22,22,17,22,14,20,0,0,0,0,0,0,0,0,1,1,8,6,3,5,5,5,4,7,5,8,0,0,1,0,0,0,1,0,0,0,2,4,1,4,2,1,3,1,0,0,2,1,1,0,1,3,0,1,0,2,12,6,8,7,5,4,7,10,9,9,1,0,0,1,1,2,0,1,1,2,1,0,2,0,0,0,0,0,0,0,10,10,9,9,6,10,10,8,8,9,2,4,7,3,7,1,3,1,4,1,0,0,0,0,0,0,0,0,0,0,0,0,0,0,0,0,0,0,0,0,0,0,0,0,1,0,0,0,0,0,3,2,3,1,4,2,1,1,2,1,0,0,0,0,0,0,0,0,0,0,0,0,0,0,0,0,0,0,0,0,0,0,0,0,0,0,0,0,0,0,0,0,0,0,0,0,0,0,0,0,0,0,2,0,0,0,0,0,0,0,0,0,0,0,0,0,0,0,0,0,0,0,0,0,0,0,0,0,0,0,0,0,0,0,1,1,0,0,2,0,0,0,0,0,0,0,0,0,0,0,0,0,0,0,0,0,0,0,0,0,0,0,0,0,0,0,0,0,0,0,0,0,0,0,0,0,0,0,0,0,0,0,0,0,0,0,0,0,0,0,16,10,7,11,8,10,6,9,4,7
T>G,GTT,0,0,0,0,0,0,0,0,0,0,5,5,5,4,8,5,1,3,7,6,5,6,1,4,5,5,3,5,3,4,0,1,0,0,1,0,1,0,1,0,0,0,0,0,0,0,0,0,0,0,0,2,1,0,0,1,2,0,0,3,0,0,0,0,0,0,0,0,0,0,15,9,7,9,7,9,6,8,3,7,0,0,2,0,0,1,1,1,1,3,22,16,21,13,19,18,21,20,15,15,0,1,1,1,0,0,2,0,2,3,7,3,6,3,12,8,9,3,7,6,24,23,26,23,27,29,29,10,26,17,158,153,140,152,145,173,152,157,156,140,0,0,0,0,0,0,0,0,0,0,0,0,0,1,0,0,0,0,0,1,5,9,4,6,5,9,6,3,5,3,0,1,0,0,1,0,0,0,0,1,0,0,0,0,0,0,0,0,0,0,2,0,0,0,4,0,3,3,2,2,1,4,6,1,2,3,2,3,4,2,2,2,2,4,0,3,2,2,3,3,0,0,0,0,0,0,0,0,0,0,15,9,7,9,7,10,6,8,4,7,0,0,0,0,0,0,0,0,0,0,0,0,0,0,0,0,0,0,0,0,1,0,1,0,0,0,0,0,0,0,0,0,0,0,0,0,0,0,0,0,32,20,16,19,15,19,15,18,7,15,0,0,0,1,0,1,0,0,0,0,15,9,7,9,7,9,6,8,3,7,0,2,6,3,0,3,3,0,1,3,0,0,0,0,0,0,0,0,0,0,0,0,0,0,0,0,0,0,0,0
T>G,CTA,1,2,0,3,2,0,1,1,0,2,0,0,0,0,0,0,0,0,0,0,0,0,0,0,0,0,0,0,0,0,0,0,0,0,0,0,0,0,0,0,1,0,5,6,2,1,4,2,3,3,0,1,0,0,0,0,0,0,0,0,0,0,0,1,0,0,0,0,0,0,5,3,3,11,7,6,9,5,4,4,4,8,3,10,7,3,6,4,7,6,22,11,17,13,16,12,13,17,19,21,3,1,0,1,2,0,0,0,0,2,43,51,34,56,33,26,37,47,30,40,5,3,1,4,3,2,4,0,4,8,1,6,5,2,1,5,2,1,2,0,1,2,0,0,3,6,1,3,3,3,0,0,0,0,0,0,0,0,0,0,0,1,0,0,0,0,0,2,0,0,0,0,1,0,0,0,0,0,1,0,1,3,0,1,1,4,1,1,1,0,0,0,0,0,0,0,0,0,0,0,0,0,0,0,0,0,0,0,0,0,0,1,1,0,1,1,0,1,0,0,0,0,0,0,0,0,0,0,0,0,0,0,0,1,0,0,0,1,1,1,0,0,0,0,0,0,0,0,0,0,0,0,0,0,0,0,0,0,0,0,0,0,0,0,0,0,0,0,0,0,0,0,0,0,0,1,1,0,0,0,0,0,0,0,0,0,0,0,0,0,0,0,0,0,0,0,0,0,1,0,15,9,7,9,7,9,6,8,3,7,0,0,0,0,0,0,0,0,0,0,0,0,0,0,0,0,0,0,0,0,0,0,0,0,0,0,0,0,0,0
T>G,CTC,15,10,8,9,9,11,7,8,3,8,0,0,0,0,0,0,0,0,0,0,0,0,0,0,0,0,0,0,0,0,2,2,1,3,6,7,3,3,4,2,5,2,1,1,1,1,0,1,1,0,3,3,4,2,5,2,1,0,0,4,0,0,0,0,0,0,0,0,0,0,0,0,0,0,0,0,0,0,0,0,25,24,19,24,30,23,25,13,22,19,0,0,0,0,0,0,0,0,0,0,3,1,0,2,0,1,1,1,1,0,0,0,0,0,0,0,0,0,0,0,42,30,40,32,29,34,43,41,26,32,16,12,10,7,18,14,11,12,15,13,0,0,0,0,0,0,0,0,0,0,0,0,0,0,0,0,0,0,0,0,0,0,0,0,0,0,0,0,0,0,0,0,0,0,0,0,0,0,0,0,0,0,0,0,0,0,0,1,0,0,1,1,0,3,0,1,0,0,1,0,0,0,0,0,0,0,0,0,0,0,0,0,0,0,0,0,0,0,0,0,0,1,1,0,0,0,0,0,0,0,15,12,10,10,7,9,7,8,4,8,0,0,0,0,0,0,0,0,0,0,0,0,1,1,0,0,0,0,0,0,0,1,0,0,0,0,0,1,0,0,0,0,0,0,0,0,0,0,0,0,0,0,0,0,0,0,0,0,0,0,0,0,0,0,0,0,0,0,0,0,0,0,0,0,0,0,0,0,0,0,15,9,7,9,7,10,6,9,3,7,0,0,0,0,0,0,0,0,0,0,0,0,0,0,0,0,0,0,0,0
T>G,TTC,0,0,0,0,0,0,0,0,0,0,0,0,0,0,1,1,0,0,2,0,25,22,38,20,21,27,28,26,26,21,0,0,0,1,0,1,0,0,0,1,0,0,1,1,0,0,0,0,1,0,26,30,19,21,33,33,28,24,22,22,1,0,0,0,0,0,0,0,0,0,15,19,18,22,19,18,18,22,11,22,59,74,61,71,61,78,86,67,76,71,0,0,0,0,1,0,1,0,0,0,0,0,0,0,0,0,0,0,0,0,0,0,0,0,0,0,0,0,0,0,0,0,0,0,0,0,0,0,0,0,0,0,0,1,0,1,0,0,0,0,0,0,1,0,0,0,0,0,0,1,0,0,0,0,0,0,0,0,0,0,4,1,3,5,1,2,1,5,2,2,2,5,6,8,8,6,8,6,7,9,15,11,7,9,7,9,7,8,4,7,0,0,0,0,0,0,0,0,1,0,18,13,11,9,11,18,16,20,16,9,0,0,0,0,0,2,0,1,0,0,0,0,0,0,0,0,0,0,0,0,0,0,0,0,0,0,0,0,0,0,9,16,9,16,8,11,8,12,14,9,0,0,0,0,0,0,0,0,0,0,0,0,0,0,0,0,0,0,0,0,0,0,0,0,0,0,0,0,0,0,0,0,0,0,0,0,0,0,0,0,0,0,0,0,1,0,0,0,0,0,15,9,7,9,7,10,6,9,3,7,0,0,0,0,0,0,0,0,0,0,1,1,0,0,0,1,0,0,0,0,0,0,0,0,0,0,0,0,0,0
T>G,TTA,0,2,0,1,0,0,3,0,0,3,35,41,36,45,36,42,51,52,43,46,61,66,66,53,54,62,47,52,60,53,0,0,0,0,0,0,0,0,0,1,15,18,15,18,12,9,18,7,11,12,1,2,1,2,2,5,2,4,1,1,0,3,1,0,0,1,2,1,0,2,0,0,0,0,0,0,0,0,0,0,8,10,16,9,13,12,6,14,5,7,0,0,0,1,1,1,1,0,0,1,0,1,0,0,0,0,0,0,1,1,24,22,19,16,22,22,19,21,13,20,20,32,36,17,34,32,23,24,23,31,0,0,0,0,0,0,0,0,0,1,2,2,0,0,1,3,3,0,1,1,2,0,1,2,0,0,1,0,1,0,6,8,15,14,11,12,7,15,12,7,6,4,8,1,5,3,5,9,4,1,0,0,0,0,0,0,0,0,0,0,21,19,20,15,15,16,21,20,23,19,0,2,1,0,1,1,2,1,0,0,16,9,7,9,7,9,6,9,4,8,0,0,0,0,1,0,0,0,0,0,0,0,1,0,2,0,0,0,1,1,0,0,0,0,0,0,0,0,0,0,0,0,0,0,0,0,0,0,0,0,1,1,2,0,0,0,0,0,0,0,0,0,0,0,0,0,0,0,0,0,0,0,0,0,0,0,0,0,0,0,1,0,0,0,0,0,0,0,0,0,0,0,0,0,0,0,0,0,0,0,0,0,0,0,0,0,1,1,0,2,0,1,0,0,0,0,0,0,0,0,0,1,0,0,0,0,0,0,0,0
T>G,TTG,0,1,0,0,1,1,0,0,0,0,1,1,3,3,0,2,5,0,1,4,3,2,1,0,1,1,1,1,1,0,0,1,0,0,0,0,0,0,0,0,3,2,2,1,2,0,1,0,2,3,0,0,0,0,0,0,0,0,0,0,6,7,2,4,9,5,3,7,5,3,0,0,0,0,0,0,0,0,0,0,0,0,0,0,1,1,2,1,0,1,0,0,0,0,0,0,0,0,0,0,1,1,4,6,5,3,4,3,3,4,2,2,1,2,1,4,1,0,2,3,132,129,161,125,132,125,124,106,138,105,5,10,7,8,4,3,8,6,14,6,0,0,0,0,0,0,0,0,0,0,0,0,0,0,0,0,0,0,0,0,0,0,0,0,0,0,0,0,0,0,9,7,10,7,7,5,11,12,4,8,2,2,4,5,0,4,4,2,2,7,0,0,0,0,0,0,0,0,0,0,0,0,0,0,0,0,0,0,0,0,0,0,0,0,0,0,0,0,1,0,0,0,0,0,0,0,0,0,0,0,0,0,0,0,0,0,0,0,1,0,0,0,0,0,0,0,0,0,0,0,0,0,0,0,0,0,0,0,0,0,0,2,3,5,1,3,5,2,1,3,0,0,0,0,0,0,0,0,0,0,4,2,2,3,1,2,2,1,3,2,0,0,0,0,0,0,0,0,0,0,1,0,2,1,0,1,0,2,0,0,0,0,0,0,0,0,0,0,0,0,0,0,0,0,0,0,0,0,0,0,0,0,0,0,0,0,0,0,0,0
T>G,GTA,0,0,1,1,0,0,2,0,0,0,22,26,17,24,26,20,16,19,16,15,5,3,4,3,0,2,4,3,2,2,8,10,2,12,2,9,8,10,13,0,3,0,2,3,1,0,0,1,1,2,1,0,1,0,0,0,1,0,0,0,29,17,21,21,13,16,18,17,7,17,18,19,20,14,18,19,16,13,15,22,0,0,0,1,0,0,1,1,1,1,3,1,2,1,1,1,1,1,2,3,39,44,41,45,39,51,54,50,44,41,0,0,1,0,0,1,0,2,1,0,0,0,0,0,1,0,0,0,0,0,33,24,17,20,20,23,19,18,18,14,1,0,1,0,0,0,0,0,0,0,3,5,3,3,4,3,0,3,3,7,0,0,1,0,0,0,0,0,0,0,1,0,0,0,0,0,0,0,1,0,0,0,0,0,0,0,0,0,0,0,7,8,5,5,4,11,7,8,13,6,3,6,4,3,5,2,1,2,1,1,0,0,0,0,0,0,0,0,0,0,0,0,0,0,1,0,0,0,0,0,0,1,0,1,1,0,0,0,0,0,4,1,1,1,0,1,0,2,1,0,0,0,0,0,0,0,0,1,0,0,0,0,0,0,0,0,0,0,0,1,0,0,0,0,0,0,0,0,0,0,0,0,0,0,0,0,0,0,0,0,0,0,0,0,0,0,0,0,0,0,3,1,1,1,0,2,3,1,1,0,0,0,0,0,0,0,0,0,0,0,0,1,0,0,0,0,0,0,0,0,0,0,0,0,0,0,0,0,0,0
