Mutation Type,Trinucleotide,Sample1,Sample20,Sample40,Sample60,Sample80,Sample100,Sample120,Sample140,Sample160,Sample180,Sample200,Sample220,Sample240,Sample260,Sample280,Sample300,Sample320,Sample340,Sample360,Sample380,Sample400,Sample420,Sample440,Sample460,Sample480,Sample500,Sample520,Sample540,Sample560,Sample580,Sample600,Sample620,Sample640,Sample660,Sample680,Sample700,Sample720,Sample740,Sample760,Sample780,Sample800,Sample820,Sample840,Sample860,Sample880,Sample900,Sample920,Sample940,Sample960,Sample980,Sample1000,Sample1020,Sample1040,Sample1060,Sample1080,Sample1100,Sample1120,Sample1140,Sample1160,Sample1180,Sample1200,Sample1220,Sample1240,Sample1260,Sample1280,Sample1300,Sample1320,Sample1340,Sample1360,Sample1380,Sample1400,Sample1420,Sample1440,Sample1460,Sample1480,Sample1500,Sample1520,Sample1540,Sample1560,Sample1580,Sample1600,Sample1620,Sample1640,Sample1660,Sample1680
C>A,ACC,5,12,8,3,0,0,82,8,0,0,7,0,0,28,2,0,231,0,0,8,30,0,4,5,0,0,0,69,0,0,0,52,9890,8,12,3,0,3,0,31,0,0,12,0,1300,57,0,245,625,0,1,0,0,0,0,0,0,0,0,0,2,9,1,0,0,0,0,0,0,0,0,0,0,0,0,2,0,0,0,0,626,0,0,0,0
C>A,GCA,0,0,0,0,5,0,0,0,0,0,0,0,0,0,16,0,3,0,0,3,0,0,0,4,621,0,0,0,0,1406,0,0,0,0,0,0,0,0,0,0,643,94,0,17,0,823,0,0,0,3,582,0,0,11,0,0,0,2,0,0,7,0,0,0,0,1,0,1,0,0,0,0,0,16,0,0,1,0,34,0,0,0,0,0,0
C>A,ACA,0,3,0,14,0,1699,0,0,4,150,0,0,0,0,25,66281,21,0,0,0,421,8,753,0,103,2845,14386,8,9,2778,2568,124,1214,0,0,23,36,1564,24,0,0,0,4,6,3,0,2,247,0,4,0,0,0,1,0,7,937,0,0,639,4,0,0,0,0,0,1,0,0,613,1,37,624,0,1,0,72,0,0,0,0,0,669,0,0
C>A,ACG,0,0,0,0,0,0,0,0,0,3,0,0,0,0,4948,0,3,0,0,5,0,0,94,0,0,0,0,0,0,0,0,0,0,0,0,0,403,0,2,0,1509,0,0,0,2,2,0,0,0,0,0,0,0,28,615,0,0,0,0,0,0,0,0,0,0,0,0,0,0,0,725,0,0,1,0,6,0,0,0,0,0,0,0,474,0
C>A,GCG,0,0,0,0,0,0,0,0,0,0,0,0,0,0,0,0,2484,0,0,0,0,0,0,0,0,0,0,0,0,0,0,0,0,0,0,0,0,0,0,0,0,0,0,0,0,0,0,0,0,0,0,0,0,0,0,0,0,0,0,0,0,0,0,0,0,0,0,0,0,0,0,0,0,0,0,0,0,0,0,0,0,0,0,0,0
C>A,CCT,62,0,1,0,0,0,8,1,0,0,3,0,0,1,0,0,1,3091,3,2,0,265,6,2,0,8,0,1,10,0,614,5,0,980,156,29,100,12,0,3,0,41,0,0,0,0,1,2,0,0,1,0,0,1,0,0,0,0,0,1,0,69,0,673,0,0,0,0,2,0,266,0,0,1,0,0,0,0,0,0,20,0,0,1,0
C>A,TCT,1178,0,0,0,10,249,0,0,0,99,8,16,40,0,0,68,0,2045,9,0,61,18,0,0,1812,8,1576,0,4,10,38,6,5,8,0,0,0,6,2,0,8,0,2851,1,14,9,157,2,3,3,0,0,2,1,0,4,0,1,0,0,0,0,0,0,0,0,5,0,0,1,0,0,17,0,0,1,0,2,0,0,64,0,1,0,0
C>A,GCC,0,27,1217,4,0,0,0,5,0,1,0,0,0,0,0,0,0,0,0,0,0,0,0,0,0,15,0,0,0,0,0,0,0,0,0,0,169,0,0,0,0,0,0,0,0,0,0,159,0,0,595,0,39,0,1,0,16,0,0,0,0,1,0,0,0,0,0,0,0,0,2287,0,0,25,0,0,0,0,0,0,0,0,0,0,0
C>A,GCT,0,0,0,0,0,0,0,0,0,0,0,0,0,0,0,0,22,0,0,0,0,0,8,0,0,0,0,0,0,0,0,0,0,0,0,0,19,28,0,0,0,0,0,0,0,525,0,0,0,0,0,0,0,0,0,0,0,0,0,0,0,0,0,0,0,0,0,0,0,0,0,0,0,0,0,0,0,0,0,0,0,0,0,876,0
C>A,ACT,8,0,0,21,0,0,0,14,66,0,3830,3,1,0,0,0,169,0,16224,3,28,0,0,0,5,0,0,14,26,0,711,1096,0,0,74,8,0,16,0,9,0,0,5,16,36,36,0,0,4,1301,0,0,12,26,3,12,0,0,2,0,0,0,0,10,0,0,0,10,0,0,0,0,0,0,4,0,0,0,0,0,0,0,0,0,0
C>A,TCG,0,7,0,0,2,0,0,0,0,0,0,0,0,0,0,0,0,0,0,0,0,0,0,1420,13,4700,0,0,0,263,0,0,0,0,0,0,139,920,0,0,0,0,0,3221,0,4,0,0,0,4,1,0,747,0,0,0,1353,0,0,0,306,0,0,0,0,0,0,129,0,0,0,0,2,0,0,0,627,0,0,0,0,1,0,0,0
C>A,CCG,0,0,5,2,0,0,0,51,0,0,0,0,0,0,0,0,6,0,0,0,0,0,0,0,0,0,0,0,0,253,0,0,0,0,0,0,0,0,0,0,3,8,0,0,0,2,0,131,0,0,118,0,0,0,0,0,0,0,0,0,0,0,0,0,0,0,0,1,0,0,0,0,0,0,0,0,0,0,0,0,165,0,0,0,0
C>A,CCA,1104,12,8,15,0,0,0,0,4,2030,0,0,0,0,1765,0,0,0,0,807,17,0,11,16,0,0,137,0,0,0,0,1151,552,10,20,17,13,0,0,0,0,0,0,228,722,0,0,6,14,0,2,0,868,0,0,0,106,0,0,679,0,4,0,0,3,40,0,22,0,0,0,0,0,0,0,0,0,0,0,0,0,0,0,0,0
C>A,TCC,125,0,1,0,0,0,431,0,8,0,0,0,0,1,5,0,0,2,2,0,5,0,12,3,0,0,171,0,115,7,1401,186,0,46,0,878,0,6,0,0,0,1,11,0,0,0,4,0,0,0,112,0,0,0,0,121,0,0,0,1,0,0,0,0,0,0,0,1,1,0,632,0,0,2,0,0,0,0,0,0,0,0,0,0,0
C>A,CCC,0,0,4,0,0,0,0,2,0,0,0,0,0,422,5,0,2,0,0,0,0,3,1,0,0,0,0,0,0,60,0,13,0,0,0,0,0,0,0,5,0,0,3,0,0,0,3,0,4,0,4,0,0,0,211,0,0,0,0,0,2,0,1,618,0,0,0,1,0,0,2323,0,0,0,0,0,0,0,0,0,0,0,0,0,0
C>A,TCA,21,8,20,0,0,818,0,299,11,0,12,264,5,10,0,29,1,626,17,12,0,107,0,1,6,0,1666,6,0,0,0,0,0,6,0,27,285,0,801,6,3,2,0,37,0,0,0,10,638,0,0,3,0,1,0,0,8,1,0,0,0,236,28,1,0,0,0,0,0,0,1,0,150,0,0,0,36,627,55,4,0,0,0,664,0
C>G,ACC,1,7,17,2,0,0,4,3,0,0,0,0,0,79,0,0,34,0,0,2,3,0,0,36,0,0,0,16,0,0,0,4,650,1,3,2,0,3,0,6,0,0,22,0,436,6,0,39,3,0,0,0,0,0,0,0,0,0,0,0,0,0,0,0,0,0,0,0,0,0,0,0,0,0,0,0,1,0,0,0,1,0,0,1,0
C>G,GCA,0,0,0,0,31,0,0,0,0,0,0,0,0,0,1979,0,9,0,0,15,0,0,0,4,6,0,0,0,0,1534,0,0,0,0,0,0,0,0,0,0,190,1737,0,236,0,158,0,0,0,3,2281,0,0,43,0,0,1,2,0,0,17,0,0,0,0,0,0,0,0,0,0,0,0,5,0,3,15,0,892,0,0,0,0,0,0
C>G,ACA,0,2,0,6,0,80,0,0,1,56,0,0,0,0,0,184,1,0,0,0,227,3,3,0,3062,1346,1985,14,4,302,15083,156,392,0,0,3,5,170,9,0,0,0,0,2,612,0,0,160,0,3,0,1,0,1,0,11,99,0,0,2,14,0,0,0,0,0,1,0,0,4,4,712,57,0,0,0,2,0,0,0,0,0,1,0,0
C>G,ACG,0,0,0,0,0,0,0,0,0,19,0,0,0,0,19,0,8,0,0,1,0,0,686,0,0,0,0,0,0,0,0,0,0,0,0,0,193,0,0,0,16029,0,0,0,0,1,0,0,0,0,0,0,0,0,1,0,0,0,0,0,0,0,0,0,0,0,0,0,0,0,15,0,0,0,0,0,0,0,0,0,0,0,0,8,0
C>G,GCG,0,0,0,0,0,0,0,0,0,0,0,0,0,0,0,0,3017,0,0,0,0,0,0,0,0,0,0,0,0,0,0,0,0,0,0,0,0,0,0,0,0,0,0,0,0,0,0,0,0,0,0,0,0,0,0,0,0,0,0,0,0,0,0,0,0,0,0,0,0,0,0,0,0,0,0,0,0,0,0,0,0,0,0,0,0
C>G,CCT,2,0,13,0,0,0,16,2,0,0,2,0,0,5,2,0,2,182,4,3,0,92,3,2,0,2,0,1,2925,0,501,0,0,3,16,20,5,142,0,2,0,44,1,0,0,0,10,0,0,0,0,0,0,0,0,0,0,0,0,1,1,6,1,2,0,1,0,4,0,0,3,0,0,4,0,0,0,0,0,3,0,2,0,0,0
C>G,TCT,2989,0,0,0,19,64,0,0,0,339,6,19,23,0,0,95,0,2285,39,0,21,9,0,0,10,28,62,0,931,9,72,2,18,10,0,0,0,118,10,0,6,0,1,17,656,74,8,223,64,6,0,2,0,1,0,21,0,2,0,0,2,0,0,0,0,0,0,0,0,9,0,0,0,0,5,0,0,624,0,0,616,0,0,0,0
C>G,GCC,0,32,2168,10,0,0,0,20,0,3,0,0,0,0,0,0,0,0,0,0,0,0,0,0,0,2,0,0,0,0,0,0,0,0,0,0,66,0,0,0,0,0,0,0,0,1,0,55,0,0,702,0,636,0,0,0,196,0,0,0,0,0,0,0,0,0,0,2,0,0,622,0,0,613,0,0,0,0,0,0,0,0,0,0,0
C>G,GCT,0,0,0,0,0,0,0,0,0,0,0,0,0,0,0,0,14,0,0,0,0,0,8,0,0,0,0,0,0,0,0,0,0,0,0,0,10,621,0,0,0,0,0,0,0,5,0,0,0,0,0,0,0,0,0,0,0,0,0,0,0,0,0,0,0,0,0,0,0,0,0,0,0,0,0,0,0,0,0,0,0,0,0,109,0
C>G,ACT,16,0,0,20,0,0,0,29,10,0,404,1,0,0,0,0,27,0,3029,3,177,0,0,0,5,0,0,4,29,0,180,406,0,0,12,13,0,3,0,3,0,0,1,2,4,1,0,0,615,235,0,0,621,12,3,31,0,0,10,0,0,0,0,615,0,0,1,8,0,1,0,3,0,0,10,0,0,0,0,0,0,0,0,0,0
C>G,TCG,0,32,0,0,9,0,0,0,0,0,0,0,0,0,0,0,0,0,0,0,0,0,0,21,1030,337,0,0,0,64,0,0,0,0,0,0,84,98,0,0,0,0,0,59,2,31,0,0,0,1,26,0,23,0,0,0,8,634,0,0,58,0,0,0,0,1,0,3,1,0,0,0,0,2,0,0,0,0,2,0,0,0,0,0,0
C>G,CCG,0,0,19,9,0,0,0,132,0,0,0,0,0,0,0,0,14,0,0,0,0,0,0,0,0,0,0,0,0,137,0,0,0,0,0,0,0,0,0,0,2,8,0,0,0,3,0,7,0,0,158,0,0,0,0,3,0,0,0,0,0,0,0,0,0,0,0,2,0,0,0,0,0,0,0,0,0,0,0,0,0,0,0,0,0
C>G,CCA,13,6,2,2,0,0,0,0,1,46,0,0,0,0,173,0,0,0,0,17,2,0,2,4,0,0,6,0,0,0,0,501,79,1,3,3,3,0,0,0,0,0,0,4,2,0,0,4,1,0,2,0,1,0,723,0,10,0,0,3,1,1,0,0,1,0,0,16,0,0,0,0,0,0,0,0,0,0,0,0,0,0,0,0,0
C>G,TCC,2,0,3,0,0,0,206,0,41,0,0,0,0,25,2,0,0,2,2,0,8,0,6,0,0,0,29,0,95,127,228,1736,0,26,0,74,0,9,0,0,1,20,3,0,0,0,1,0,0,0,10,0,0,1,0,16,0,0,0,0,0,0,0,0,0,0,0,2,0,0,3,0,0,0,0,0,0,0,0,0,0,0,0,0,0
C>G,CCC,0,0,2,0,0,0,0,3,0,0,0,0,0,35,1,0,0,0,0,0,0,14,1,0,0,0,0,0,0,675,0,5,0,0,0,0,0,0,0,6,1,0,0,0,0,0,3,0,6,0,5,0,0,0,7,0,0,0,0,0,0,0,1,1,0,0,1,1,0,0,10,0,0,1,0,0,0,0,0,0,0,0,0,0,0
C>G,TCA,13,6,3,0,0,304,0,3,1,0,44,175,4,4,0,16,5,8,6,41,0,127,0,2,2,0,2987,0,0,0,0,0,0,1,0,17,2766,0,8,2,7,1,0,11,0,0,0,0,1,0,0,0,0,0,0,0,615,0,0,0,0,756,41,0,1,0,0,0,0,0,0,0,0,0,0,0,0,17,8,2,0,0,0,5,0
C>T,ACC,53,34,27,7,0,0,626,6,0,0,5,0,0,8,2,0,16955,0,0,14,4,0,8,43,0,0,0,1104,0,0,0,7,3473,21,18,5,0,19,0,3557,0,0,86,0,718,3404,0,85,943,0,0,0,0,0,0,0,0,0,0,0,2,0,1,4,553,0,0,0,0,0,0,0,0,0,0,2467,0,0,0,0,1369,1,0,3150,0
C>T,GCA,0,0,0,0,23,0,0,0,0,0,0,0,0,0,11,0,2,0,0,13,0,0,0,16,6076,0,0,0,0,17,0,0,0,0,0,0,0,0,0,0,24,6,0,3,0,9,0,0,0,812,594,0,0,0,0,0,1514,1071,0,0,285,1,0,0,0,70,0,1,1,0,0,0,0,0,0,19,0,0,1,0,0,0,0,0,0
C>T,ACA,0,595,0,19,0,411,0,0,12289,7775,0,0,0,0,4,17,481,0,0,0,6381,4967,13,0,5641,17,3627,13560,1013,6382,30,7874,9076,0,0,4,7,3797,3596,0,0,0,1,0,2,0,1418,4404,0,3,0,1,0,0,360,1321,679,0,0,164,663,0,196,0,0,0,1,0,0,263,1061,169,1,0,846,0,2,0,0,0,0,834,0,0,0
C>T,ACG,0,0,0,0,0,0,0,0,0,20,0,0,0,0,7,0,2,0,0,12,0,0,6948,0,0,0,0,0,0,0,0,0,0,0,0,0,10088,0,0,0,208,0,0,0,0,0,0,0,0,0,0,0,0,39,987,0,0,0,0,0,0,0,0,0,0,0,0,0,0,0,33,0,0,977,0,7,0,0,0,0,0,0,0,1428,0
C>T,GCG,0,0,0,0,0,0,0,0,0,0,0,0,0,0,0,0,63776,0,0,0,0,0,0,0,0,0,0,0,0,0,0,0,0,0,0,0,0,0,0,0,0,0,0,0,0,0,0,0,0,0,0,0,0,0,0,0,0,0,0,0,0,0,0,0,0,0,0,0,0,0,0,0,0,0,0,0,0,0,0,0,0,0,0,0,0
C>T,CCT,25,0,23,0,0,0,155,7,0,0,10,0,0,41,4,0,23,9422,15911,17,0,11495,37,6,0,37,0,11,191,0,1138,8,0,20,248,38,17,134,0,31,0,5019,12,0,0,0,13,3,0,0,1,0,0,4,0,0,0,3,1,3,37,169,4,145,0,44,0,617,1,1,817,0,0,681,0,1,0,0,0,6,217,1,0,1602,0
C>T,TCT,42108,0,0,0,977,198,0,0,0,9809,50,172,33646,0,0,969,0,95,4066,0,4983,54,0,0,7133,718,6172,0,328,88,1408,7077,48,4106,0,0,0,951,3152,0,4110,0,50,15,8443,36,11857,686,36,1827,0,1,373,1366,0,9,0,0,1627,0,6,0,0,0,1778,2,741,0,0,2209,0,1247,1269,0,638,0,612,1421,1,0,254,0,2,0,0
C>T,GCC,0,34,2072,6,0,0,0,4,0,1140,0,0,0,0,0,0,0,0,0,0,0,0,0,0,0,132,0,0,0,0,0,0,0,0,0,0,251,0,0,0,0,0,0,0,0,0,0,20230,0,0,1768,0,15,0,220,0,258,0,0,0,0,0,0,0,0,0,0,2,0,0,295,0,0,1580,0,0,0,0,0,0,0,0,0,0,0
C>T,GCT,0,0,0,0,0,0,0,0,0,0,0,0,0,0,0,0,103,0,0,0,0,0,163,0,0,0,0,0,0,0,0,0,0,0,0,0,4794,1670,0,0,0,0,0,0,0,2300,0,0,0,0,0,0,0,0,0,0,0,0,0,0,0,0,0,0,0,0,0,0,0,0,0,0,0,1,0,0,0,0,0,0,0,0,0,2,0
C>T,ACT,599,0,0,4704,0,0,0,45,10,0,125,688,7,0,0,0,6971,0,7450,8,164,0,0,0,11,0,0,34,9095,0,14648,9615,0,0,77,307,0,3,1,12569,0,0,723,4130,2317,2525,0,0,25,1512,0,0,691,1615,2,8680,0,0,2603,0,0,0,3,1185,0,0,1,17,0,1124,0,2,1,0,3068,190,0,1,0,0,0,0,7,0,159
C>T,TCG,0,4349,0,0,13,0,0,0,0,0,0,0,0,0,0,0,0,0,0,0,0,0,0,92,3,5522,0,0,0,13747,0,0,0,0,0,0,4150,488,0,0,0,0,0,493,4,3393,0,0,0,12,2839,0,790,0,0,0,1920,0,0,0,4311,2,0,0,0,4,0,4,0,0,0,0,0,0,0,0,4,0,486,0,0,0,0,0,0
C>T,CCG,0,0,4,7,0,0,0,2890,0,0,0,0,0,0,0,0,3,0,0,0,0,0,0,0,0,0,0,0,0,14413,0,0,0,0,0,0,0,0,0,0,2,5089,0,0,0,11,0,8,0,0,2586,0,0,0,0,68,0,0,0,0,0,0,0,0,0,0,0,1,0,0,0,0,0,0,0,0,0,0,0,0,687,0,0,0,0
C>T,CCA,4127,20,2,19,0,0,0,0,6,10414,0,0,0,0,6708,0,0,0,0,5800,6,0,7,14,0,0,24,0,0,0,0,6743,3927,7,5,14,5,0,0,0,0,0,0,2038,53,0,0,103,10,0,4,0,14,0,17,0,1194,0,0,274,1,225,0,0,0,733,0,3257,0,0,0,0,0,0,0,0,0,0,0,0,0,0,0,0,0
C>T,TCC,338,0,11,0,0,0,4618,0,43,0,0,0,0,11,32,0,0,27,49,0,18,0,8469,11950,0,0,311,0,554,1085,7998,34466,0,12507,0,2627,0,25922,0,0,21,19242,874,0,0,0,64,0,0,0,2877,0,0,1,469,1118,0,0,1,6285,0,0,2,4,0,13,0,50,0,0,289,0,0,206,0,0,0,0,0,35,0,1,0,0,0
C>T,CCC,0,0,8,0,0,0,0,2,0,0,0,0,0,4,4,0,8,12,0,0,0,8,5,0,0,0,0,0,0,14069,0,16,0,0,12,0,0,0,0,8,6,0,3031,0,0,0,2313,0,94,0,1596,0,0,0,1674,0,0,1,0,3,1,0,0,112,0,1,0,2058,0,0,2113,0,0,614,0,0,0,0,0,0,0,0,0,0,0
C>T,TCA,8,31,793,0,0,15518,0,42,11165,0,246,9789,18,1886,0,2329,1810,7130,19893,42,0,5127,0,22,65058,0,64164,4,0,0,0,0,0,17,0,156,12875,0,1032,991,4,1919,0,13853,0,0,0,101,67,0,0,0,0,5305,0,0,20,350,0,0,0,247,2199,611,3830,0,0,0,0,0,735,0,2282,0,14,0,1487,720,2174,1042,0,0,906,1046,166
T>A,CTT,0,0,600,0,13,272,261,5,0,3,2,10,3,797,0,4,0,6,7,0,0,0,11,0,0,1422,0,0,20,6,640,0,0,7,2839,0,0,111,15,183,0,0,67,5,529,1,4,172,0,146,0,0,8,11,1,0,0,0,39,1,3,0,0,0,0,0,64,0,5,4,0,2,0,53,0,0,4,0,0,0,0,2,8,637,0
T>A,ATG,0,48,39,25,0,475,14,0,30,0,415,0,0,0,147,0,1163,0,0,1045,5,25,8,0,4,0,0,5,302,0,0,0,12569,0,9,7,882,0,100,0,3,0,2,0,82,0,0,83,2,673,2,0,0,710,0,5,3,0,0,50,3,0,0,0,1,0,0,0,0,0,0,0,2,0,0,0,0,0,0,0,625,0,0,0,11
T>A,GTC,6,458,46,725,0,397,0,0,769,0,20,1,0,0,696,1886,0,143,3,0,172,83,723,316,5,0,3157,0,0,277,0,0,765,4,0,212,814,134,5,0,111,0,0,55,387,43,105,0,0,721,4,0,0,9,0,23,115,0,0,0,9,0,0,0,0,3,0,17,2,0,0,1,0,6,2,0,618,5,17,0,622,0,0,1,0
T>A,ATC,44,0,0,0,0,91,0,0,6,0,0,215,0,15,1,49,0,5,0,100,0,13,0,7,823,14,188,1,307,291,793,3,0,8,0,9,276,0,0,5,0,0,1,103,0,63,0,0,1279,41,0,0,2,0,0,0,45,20,0,0,0,0,0,2,0,5,9,0,3,0,0,0,629,7,7,0,0,2,12,0,0,0,8,0,0
T>A,ATA,5,0,0,0,12,0,0,0,442,14,0,0,1,5,0,0,0,511,38,6,3795,79,0,493,0,0,4,284,1066,116,3,0,0,0,13,178,32,0,1,0,98,74,0,0,0,0,0,0,138,4,0,100,0,6,0,0,1,30,0,1,0,0,0,0,1,384,1,0,1,0,0,0,0,0,0,1,0,610,0,0,0,0,0,0,0
T>A,GTG,0,0,0,0,0,0,0,0,0,0,0,0,0,0,633,0,5,0,0,0,275,0,401,266,49364,0,0,0,0,0,0,49,952,0,0,0,12197,0,0,0,0,0,0,234,1431,0,0,6,0,0,0,0,0,0,231,0,179,0,0,0,0,0,0,1,0,0,0,0,0,0,0,0,0,0,0,10,7,0,0,0,0,617,0,0,0
T>A,TTT,0,22,6,6,49,3076,375,193,0,81,46,1,2,0,3,1575,0,572,113,3,3,0,3,0,140,1070,701,22,0,54,73,9,252,31,716,10,0,544,2,2,653,1,5,3,0,0,2,2,2,624,0,783,1158,0,0,0,23,0,0,640,0,0,25,0,0,0,1,696,1,0,0,0,0,0,0,0,0,0,7,60,0,0,0,0,0
T>A,ATT,10,137,0,10,139,7,37,13,1,170,1192,13,458,8,36,858,0,4,10,4,342,101,0,6,0,0,0,10,0,0,0,27,0,15,0,5,0,0,18,7,2,90,5,60,60,0,668,0,0,6,0,0,9,0,0,11,0,628,12,0,0,0,1,0,0,620,0,0,249,3219,16,0,0,16,4,48,0,0,1,8,0,0,2,0,0
T>A,CTG,874,0,0,954,0,0,0,271,0,8,0,0,0,20,5557,0,5,0,3,1348,70,0,0,0,35,0,3,0,3612,0,9,5,9,0,0,1754,4,1033,2,0,0,0,0,0,0,3,0,0,10,0,0,238,0,0,0,0,0,0,623,0,58,0,625,0,0,0,0,0,0,650,0,37,0,0,11,0,0,0,0,0,0,0,0,114,0
T>A,GTT,0,0,168,12,0,0,0,254,26,0,0,0,2,5,1096,0,0,4,0,0,10,16,0,485,196,117,0,5,0,309,152,276,54,0,2118,0,0,0,1,0,108,0,0,0,0,0,0,0,684,0,2861,1,0,675,0,73,0,0,0,358,0,0,0,1,2,0,0,1,0,0,0,24,626,0,0,0,14,896,24,11,0,0,0,0,0
T>A,CTA,49,0,13,0,0,0,0,0,0,0,694,2,3,0,0,0,6,0,6,635,0,66,184,188,0,0,186,7,517,0,0,331,0,0,63,1,224,0,0,0,19,3,0,1,2,3,18,0,0,0,0,0,0,0,718,0,0,0,111,0,0,0,0,0,0,0,0,630,14,0,0,0,0,18,0,0,0,0,0,0,0,0,0,0,0
T>A,CTC,2,0,0,0,0,0,0,0,1111,0,1,3,1311,0,0,0,0,0,0,0,24,0,0,0,0,3,0,0,0,0,118,15,0,758,9,0,0,0,0,0,0,0,0,0,0,10,1,658,0,0,0,3,0,0,0,2,0,0,167,0,0,0,1,20,0,3,0,0,0,1,0,0,0,0,0,0,0,8,0,0,0,4,0,0,0
T>A,TTC,0,6,6,0,284,0,1200,1298,0,10,0,3,8,1422,0,0,0,1391,56,0,0,0,1231,5,0,0,0,0,0,0,0,0,0,56,0,0,0,6,0,0,9,7,997,546,91,0,134,15,3,0,900,3,0,2,0,0,0,919,1,0,511,0,18,0,0,617,650,0,0,0,1,1,783,0,3,0,77,11,0,0,0,0,8,0,0
T>A,TTA,2079,43,16,1434,211,6372,49,60,8,0,53,1143,9,67,9,524,0,4,0,10,35,1709,0,22,19,25,3,12,6,318,16,0,3623,0,8,62,0,0,8,18,2,586,173,0,0,0,0,0,1,1507,0,79,550,103,0,2,4,8,10,0,0,0,0,0,1,50,0,0,47,0,0,1,0,0,622,0,0,3,0,0,0,0,0,0,0
T>A,TTG,666,0,0,7,0,5,0,2406,0,1,0,89,4,0,0,314,0,0,0,0,5,0,0,0,0,490,0,2,0,367,2162,696,8,75,9,0,0,0,0,4,0,0,2,18,530,4,2,46,0,0,0,0,0,0,0,21,0,0,0,9,0,0,0,0,0,35,1,22,0,0,732,0,0,0,0,0,5,0,0,0,0,655,6,0,0
T>A,GTA,12,12,0,282,867,331,0,0,1085,9,60,2,0,0,13,1,1,364,6,991,11,11,0,0,86,0,2124,1,12,4,0,125,0,370,0,13,8,0,131,0,0,2,3,4,2,0,0,12,731,0,0,723,107,0,0,0,0,1,0,626,33,0,0,0,0,5,0,0,0,0,0,0,673,0,2,12,1,0,0,0,11,0,0,0,0
T>C,CTT,0,0,1498,0,129,69,31084,25,0,24,3319,20,2775,4368,0,39,0,2747,29,0,0,0,46,0,0,10651,0,0,3149,2467,160,0,0,497,68,0,0,24,5,1100,0,0,1423,10,1642,6,2,60,0,585,0,0,2,1581,11,0,0,0,536,6,60,0,0,254,0,1,326,3,150,804,0,0,0,898,0,0,214,0,0,1,0,243,276,104,1
T>C,ATG,0,1413,904,7,0,4553,11,0,14,0,2419,0,0,0,6,0,4409,0,0,36,681,961,6,0,19,0,0,276,691,0,0,0,1134,0,357,6,3866,0,111,0,11786,0,7,0,650,0,0,1792,119,164,1,0,0,2115,24,58,7413,0,0,1319,0,0,0,1,1,0,74,0,24,0,0,0,105,0,0,11,0,0,0,0,345,0,16,0,180
T>C,GTC,1992,307,200,210,0,892,0,0,446,0,4182,11,0,0,2475,2598,0,500,12,0,874,62,21,593,6,0,865,0,0,105,0,0,253,10,0,855,279,692,8,0,1677,0,0,225,309,104,1048,0,0,137,12,0,0,17,0,39,1124,0,0,0,599,0,151,0,611,19,0,19,37,2,5,0,0,2,3,0,7,10,222,0,82,0,0,0,0
T>C,ATC,17,0,0,0,0,5148,0,0,5025,0,0,4602,0,1183,4859,5,0,1530,0,75,0,4633,0,11,126,2318,12323,4515,3115,728,145,3685,0,2018,0,2493,32,0,0,1222,0,0,3,939,0,1137,0,0,17,810,0,1347,978,0,0,0,653,1,0,0,0,0,0,663,97,731,51,2,82,0,0,28,139,77,36,0,0,65,0,0,0,0,63,0,0
T>C,ATA,551,0,0,0,11,0,0,0,5540,6,0,0,4039,1,0,0,0,12,11613,3,28350,15,0,8,0,0,10,3900,44,4619,51,0,0,0,6,3971,643,0,6,0,0,2261,0,0,0,0,0,0,8,82,0,31,0,2,0,0,12,26,0,1,0,1,0,721,66,364,1,1280,0,0,0,0,0,0,0,0,0,175,0,610,0,0,144,0,0
T>C,GTG,0,0,0,0,0,0,0,0,0,0,0,0,0,0,1534,0,4,0,0,0,1248,0,3446,1992,466,0,0,0,0,0,0,10,1152,0,0,0,2226,0,0,3,0,0,0,1126,471,0,0,1604,0,0,0,0,0,0,719,0,51,0,0,0,1,0,1,0,0,0,0,0,0,0,0,3,0,0,0,24,31,22,0,0,0,57,0,697,0
T>C,TTT,0,960,6453,334,7105,12147,14289,10589,0,5687,5304,554,34,0,1439,8895,0,10776,233,8,13,0,16,0,8472,3061,4832,3476,0,3175,4291,10,5939,78,3298,667,0,1275,27,29,2012,1108,1868,69,0,0,2064,1983,39,860,0,1318,2025,0,0,1639,2331,302,4119,1759,0,0,0,0,0,651,169,1809,263,0,777,0,0,177,0,0,0,0,686,496,0,1,45,0,1008
T>C,ATT,16,5955,0,2519,1197,14,4,14,1,6,3087,4871,60452,3140,3802,2976,0,5753,24573,5,1837,2024,0,4,0,0,0,7659,0,0,0,6722,0,289,0,11,0,0,1675,3680,3,2648,28,1257,1327,0,700,0,2177,385,0,1,71,0,0,525,0,654,6680,0,0,78,1,0,0,4,0,0,800,63,101,0,0,322,78,132,0,1,0,80,0,0,132,0,0
T>C,CTG,185,0,0,35,0,0,0,635,0,842,0,0,0,12,41043,0,7,0,1484,366,456,0,0,0,62,0,710,0,298,0,3731,3,21,0,0,779,12,233,4,0,0,0,0,0,0,9,0,0,30,0,0,1,1,0,0,0,0,0,364,0,734,4,68,0,0,0,0,0,0,298,0,706,0,0,3,0,0,0,0,0,1,0,0,26,0
T>C,GTT,0,0,718,10,0,0,0,534,8,0,0,0,6,12,3931,0,0,8,0,0,12,3,0,2219,528,1183,0,4,0,671,1242,2279,1838,0,2376,0,0,0,3,0,369,16,0,5,0,0,0,0,111,0,240,0,0,21,0,2,0,0,0,2,0,0,0,1,337,0,0,1,0,4,96,25,106,0,0,1,11,122,5,835,0,0,20,0,0
T>C,CTA,1040,0,22,0,0,0,0,0,0,0,2266,4,36,0,0,0,12,0,137,3469,0,12893,2581,2833,0,0,8,16,3858,0,0,14209,0,0,23,3,1695,0,0,0,13,87,0,3,5,1,29,0,0,0,0,0,0,0,367,0,0,0,200,0,0,24,0,0,0,0,3,136,202,0,1,0,0,261,0,0,0,0,0,0,1,0,0,0,0
T>C,CTC,46,0,0,0,0,0,0,0,1459,0,48,7122,1698,0,0,0,0,0,0,0,250,0,0,0,0,90,0,0,0,0,72,3837,0,10584,21,0,0,0,0,0,0,0,0,0,0,8,7,3004,0,0,0,5,0,0,0,69,0,0,544,0,3,0,0,670,0,778,0,0,0,153,0,0,0,0,0,0,0,8,0,0,0,146,0,0,0
T>C,TTC,0,67,3577,0,4129,0,1815,35,0,18410,0,10,2901,12963,0,0,0,3627,5771,0,0,0,6839,4453,0,0,0,0,0,0,0,0,0,5883,0,0,0,120,0,0,11,3514,26526,5951,2478,0,413,1076,428,0,1210,1526,0,9,7377,0,0,438,302,929,405,365,743,1,0,258,2,0,45,5,1797,21,987,0,736,0,941,209,0,2704,0,322,125,0,213
T>C,TTA,1929,1551,88,4769,88,32,7,1016,3,0,7645,3356,5,4859,5,5139,0,14,0,9974,38,3759,0,184,186,3743,12,5453,8,45,8307,0,5174,0,59,2328,0,0,29904,2704,10,4737,860,0,0,0,0,0,4,4242,823,75,212,354,0,1508,1217,32,2329,2,0,0,0,633,0,2457,0,134,338,0,0,0,631,0,730,193,6,129,7,19,0,0,55,153,0
T>C,TTG,181,0,0,3192,0,3,0,1148,0,517,0,3918,7,0,0,5522,0,0,0,0,9,0,0,0,0,6831,0,10,0,17231,13159,253,9371,4727,4500,0,0,0,0,4,0,0,10959,11,8,983,4,2248,0,0,0,0,3,0,0,1660,0,0,0,21,0,0,17,0,0,177,1,1,0,1,957,0,0,1,0,0,277,0,0,0,0,11,78,0,0
T>C,GTA,27,36,0,284,334,9045,0,0,424,12,2800,536,0,0,3,295,8,276,9,679,2966,6,0,0,8728,0,1492,13864,734,6,0,9,0,1628,0,12,20,0,27,0,0,253,1980,4,3,0,0,22,218,0,0,81,65,4,0,0,3,20,0,745,72,31,0,0,1,5,1,0,0,7,0,0,21,0,19,13,3,0,0,0,28,0,4,0,0
T>G,CTT,0,0,546,0,310,749,840,6,0,5,4,6,12,418,0,71,0,5,20,0,0,0,8,0,0,383,0,0,683,10,121,0,0,634,1227,0,0,26,3,96,0,0,719,25,3951,16,0,500,0,9,0,0,0,20,20,5,0,0,83,2,1,0,0,0,10,0,20,0,95,6,0,41,0,27,8,0,624,0,0,2,0,620,22,12,0
T>G,ATG,0,93,31,8,0,720,11,0,16,0,96,0,0,0,1051,0,2621,0,0,497,6,36,12,0,5,0,0,7,163,0,0,0,153,0,14,13,804,0,57,0,2,0,2,0,285,0,0,106,0,129,0,0,0,151,0,50,613,0,0,709,3,0,0,0,3,0,1,0,1,0,0,0,0,0,0,0,0,0,0,0,30,0,0,0,636
T>G,GTC,5,72,96,66,0,214,0,0,143,0,27,79,0,0,92,685,0,131,123,0,208,13,6,211,8,0,131,0,0,310,0,0,166,9,0,169,115,77,15,0,136,0,0,19,677,41,74,0,0,81,13,0,0,14,0,14,37,0,0,0,5,0,0,0,1,4,0,28,1,614,0,0,0,0,2,0,3,611,1223,0,15,0,0,4,0
T>G,ATC,2,0,0,0,0,48,0,0,1,0,0,52,0,2,2,208,0,9,0,13,0,151,0,2,7,87,97,8,275,94,116,6,0,4,0,9,931,0,0,4,0,0,66,108,0,16,0,0,973,6,0,26,0,0,0,0,12,10,0,0,0,0,0,2,0,2,5,7,0,0,0,0,133,4,0,0,0,1,3,0,0,0,1,0,0
T>G,ATA,5,0,0,0,26,0,0,0,983,1,0,0,0,1,0,0,0,3,11,9,2808,21,0,694,0,0,2,8,2,26,1,0,0,0,5,134,8,0,1,0,2,16,0,0,0,0,0,0,4,614,0,5,0,1,0,0,0,695,0,2,0,2,0,0,0,13,2,0,0,0,0,0,0,0,1,1,0,0,0,0,0,0,0,0,0
T>G,GTG,0,0,0,0,0,0,0,0,0,0,0,0,0,0,1027,0,16,0,0,0,1084,0,747,660,3594,0,0,0,0,0,0,46,3144,0,0,0,263,0,0,24,0,0,0,318,389,0,0,38,0,0,0,0,0,0,315,0,1018,0,0,0,1,1,3,1,0,0,0,0,0,0,0,1,0,0,0,52,650,0,0,0,0,7,0,1,0
T>G,TTT,0,429,45,2,206,496,1857,515,0,205,119,5,2,0,1953,7768,0,12,3268,2,5,0,4,0,351,1670,1855,3,0,862,47,36,1011,128,2250,592,0,2536,3,6,2,1,3,2,0,0,56,12,9,94,0,3,51,0,0,0,42,0,6,116,0,0,2,0,0,111,3,148,3,0,4,0,0,0,1,0,0,0,7,947,0,2,3,0,3
T>G,ATT,6,182,0,6,93,1,0,3,0,371,2126,5,705,6,21,163,0,0,3660,1,920,34,0,3,0,0,0,6,0,0,0,17,0,3,0,23,0,0,16,4,3,421,10,105,252,0,84,0,1,4,0,0,46,0,0,1,0,148,10,0,0,0,0,0,0,9,0,3,89,210,29,0,0,895,8,1,0,704,20,17,0,0,1,0,0
T>G,CTG,973,0,0,65,0,0,0,62,0,111,0,0,0,12,1611,0,8,0,146,202,40,0,0,0,163,0,54,0,559,0,27,5,13,0,0,591,8,256,3,0,0,0,0,0,0,8,0,0,81,0,0,0,0,0,0,0,0,0,14,0,12,5,11,0,0,0,0,0,0,13,0,9,0,0,2,0,0,0,0,0,0,0,0,646,0
T>G,GTT,0,0,299,40,0,0,0,264,23,0,0,0,7,13,33,0,0,618,0,0,19,38,0,1086,351,80,0,9,0,455,1551,60,3524,0,7342,0,0,0,8,0,434,12,0,12,0,0,0,0,109,0,179,1,0,107,0,1,3,0,0,652,0,0,1,3,0,0,0,10,0,0,2,1338,37,0,0,0,619,131,2,0,0,0,0,0,0
T>G,CTA,69,0,8,0,0,0,0,0,0,0,165,6,6,0,0,0,4,0,32,381,0,299,261,727,0,0,88,4,2786,0,0,294,0,0,181,17,99,0,0,0,7,5,0,8,6,2,136,0,0,0,0,0,0,0,46,0,0,0,8,0,0,1,0,0,0,0,0,25,21,0,0,0,0,6,0,0,0,610,0,0,0,0,0,0,0
T>G,CTC,675,0,0,0,0,0,0,0,235,0,62,3,191,0,0,0,0,0,0,0,1479,0,0,0,0,51,0,0,0,0,138,2306,0,961,0,0,0,0,0,0,0,0,0,0,0,17,8,22,0,0,0,0,0,0,0,18,0,0,694,0,0,0,2,7,0,3,0,0,0,0,0,0,0,0,0,0,0,618,0,0,0,0,0,0,0
T>G,TTC,0,4,4,0,37,0,1475,298,0,9,0,6,6,1795,0,0,0,1219,50,0,0,0,4975,9,0,0,0,0,0,0,0,0,0,11,0,0,0,12,0,0,2,101,129,391,62,0,625,8,3,0,1080,6,0,10,0,0,0,0,0,1,741,0,1,0,0,3,0,0,0,6,2,0,24,6,3,0,612,24,0,0,0,2,11,0,0
T>G,TTA,3,32,22,2894,43,4070,34,8,2,0,93,741,4,132,4,92,0,3,0,4,15,612,0,27,2,6,3,9,0,1344,3,0,1835,0,5,115,0,0,5,21,3,687,357,0,0,0,0,0,2,1438,4,29,49,618,0,0,1,22,25,0,0,0,0,0,0,28,0,2,5,0,0,0,1,0,9,0,1,11,1,0,0,2,2,0,0
T>G,TTG,16,0,0,118,0,7,0,59,0,9,0,127,12,0,0,367,0,0,0,0,42,0,0,0,0,260,0,7,0,118,2306,6586,13,474,53,0,0,0,0,3,0,0,503,15,11,39,12,211,0,0,0,0,3,0,0,8,0,0,0,5,0,0,0,0,0,209,2,0,0,0,152,1,0,0,0,0,61,0,0,0,0,0,4,0,0
T>G,GTA,10,11,0,968,456,223,0,0,529,8,53,5,0,0,15,7,1,1376,2,1158,33,7,0,0,117,0,3195,6,9,15,0,9,0,1586,0,14,9,0,288,0,0,6,3,11,5,0,0,5,448,0,0,74,92,0,0,0,0,2,0,32,75,0,0,0,0,8,1,0,0,1,0,0,3,0,2,39,67,0,0,0,31,0,0,0,0
