Mutation Type,Trinucleotide,Sample1,Sample030,Sample060,Sample090,Sample0120,Sample0150,Sample0180,Sample0210,Sample0240,Sample0270,Sample0300,Sample0330,Sample0360,Sample0390,Sample0420,Sample0450,Sample0480,Sample0510,Sample0540,Sample0570,Sample0600,Sample0630,Sample0660,Sample0690,Sample0720,Sample0750,Sample0780,Sample0810,Sample0840,Sample0870,Sample0900,Sample0930,Sample0960,Sample0990,Sample01020,Sample01050,Sample01080,Sample01110,Sample01140,Sample01170,Sample01200,Sample01230,Sample01260,Sample01290,Sample01320,Sample01350,Sample01380,Sample01410,Sample01440,Sample01470,Sample01500,Sample01530,Sample01560,Sample01590,Sample01620,Sample01650,Sample01680
C>A,ACC,14,10,4,0,82,7,0,7,26,2,116,105,0,38,0,13,0,0,70,0,0,10234,21,5,0,3,31,0,13,1340,59,254,640,1,0,0,0,0,0,0,2,10,0,0,0,0,0,0,0,0,2,0,0,640,1,0,0
C>A,GCA,0,0,0,5,0,0,0,0,0,16,0,3,3,0,0,3,637,0,0,1446,0,0,0,0,0,0,1,755,17,0,845,0,3,605,0,11,0,0,2,0,7,0,0,1,1,0,0,0,17,0,0,1,35,0,0,0,0
C>A,ACA,2,0,16,1741,0,8,166,0,0,36,68226,22,0,433,22,741,115,17657,16,2875,2765,1233,6,23,1643,29,0,0,8,9,2,5,238,4,0,1,9,957,0,653,5,0,0,0,1,0,630,38,640,1,0,76,0,0,687,0,0
C>A,ACG,0,0,0,0,0,0,5,0,0,5092,0,3,4,0,97,0,0,0,0,0,0,0,0,0,415,2,0,1555,0,2,2,0,0,0,0,27,631,0,0,0,0,0,0,0,0,0,0,748,1,0,6,0,0,0,0,490,0
C>A,GCG,0,0,0,0,0,0,0,0,0,0,0,2548,0,0,0,0,0,0,0,0,0,0,0,0,0,0,0,0,0,0,0,0,0,0,0,0,0,0,0,0,0,0,0,0,0,0,0,0,0,0,0,0,0,0,0,0,0
C>A,CCT,61,2,0,0,8,2,0,3,0,1,1,3205,4,4,263,11,9,0,9,0,631,4,1168,24,103,8,2,48,0,0,0,3,0,0,1,0,0,0,0,1,0,75,695,0,0,2,0,276,0,0,0,0,0,21,0,0,0
C>A,TCT,1217,0,11,251,0,0,102,24,43,0,64,0,2109,62,18,0,1881,1644,0,14,40,6,8,0,6,1,6,0,2940,13,8,168,3,3,0,2,0,4,0,0,0,0,0,0,4,0,1,0,17,0,0,2,0,66,0,0,0
C>A,GCC,0,1288,4,0,0,4,0,0,0,0,0,0,0,0,0,0,21,0,0,0,0,0,0,0,175,0,0,0,0,0,0,161,0,609,37,0,1,16,0,0,0,1,0,0,0,0,0,2364,0,26,0,0,0,0,0,0,0
C>A,GCT,0,0,0,0,0,0,0,0,0,0,0,27,0,0,5,0,0,0,0,0,0,0,0,0,19,27,0,0,0,0,537,0,0,0,0,0,0,0,0,0,0,0,0,0,0,0,0,0,0,0,0,0,0,0,0,901,0
C>A,ACT,8,0,21,0,0,82,3978,3,2,0,179,0,16710,32,0,0,5,0,15,28,1860,0,0,86,0,16,10,0,22,36,36,0,1359,0,0,12,42,0,0,0,0,0,11,0,0,12,0,0,0,4,0,0,0,0,0,0,0
C>A,TCG,0,7,0,1,0,0,0,0,0,0,0,0,0,0,0,1471,4851,0,0,276,0,0,0,0,141,952,0,0,3318,0,5,0,6,1,765,0,0,1396,0,0,321,0,0,0,132,0,0,0,2,0,0,643,0,0,1,0,0
C>A,CCG,0,4,2,0,0,53,0,0,0,0,0,8,0,0,0,0,0,0,0,258,0,0,0,0,0,0,4,10,0,0,2,127,0,121,0,0,0,0,0,0,0,0,0,0,1,0,0,0,0,0,0,0,0,168,0,0,0
C>A,CCA,1140,11,13,0,0,5,2078,0,0,1797,0,0,0,856,14,7,12,142,0,0,0,1749,11,37,12,0,0,0,240,738,0,5,15,2,900,0,0,106,0,694,0,4,1,42,22,0,0,0,0,0,0,0,0,0,0,0,0
C>A,TCC,130,1,0,0,449,7,0,0,0,3,0,1,3,0,11,7,0,172,116,9,1463,186,47,919,8,0,0,0,10,0,4,0,0,120,0,0,0,129,1,0,0,0,0,1,0,2,0,649,0,2,0,0,0,0,0,0,0
C>A,CCC,4,5,0,0,0,1,0,0,438,4,0,3,0,0,1,1,0,0,0,57,0,16,0,2,0,0,5,1,2,0,0,2,4,3,0,0,217,0,0,0,3,0,635,0,2,0,0,2391,0,0,0,0,0,0,0,0,0
C>A,TCA,29,0,21,846,308,13,11,295,10,8,30,643,20,17,107,3,8,1735,7,0,0,0,6,0,332,829,9,1,0,43,0,11,653,0,1,1,0,9,0,0,244,16,16,1,0,0,1,0,155,1,35,644,62,1,0,681,0
C>G,ACC,7,17,2,0,4,3,0,0,85,0,18,20,0,8,0,40,0,0,16,0,0,664,4,2,0,3,7,0,22,449,6,41,4,0,0,0,0,0,0,0,0,0,0,0,0,0,0,0,0,0,0,1,0,2,0,1,0
C>G,GCA,0,0,0,37,0,0,0,0,0,2020,0,7,18,0,0,5,4,0,0,1568,0,0,0,0,0,0,3,1979,246,0,170,0,3,2344,0,47,0,1,2,0,17,0,0,0,0,0,0,0,5,0,3,17,918,1,0,0,0
C>G,ACA,3,0,7,81,0,0,59,0,0,0,183,1,0,221,3,3,3143,3414,18,315,15668,404,5,4,181,10,0,0,1,630,0,0,163,2,1,1,11,105,0,2,14,0,0,0,1,0,8,732,58,0,0,2,0,0,1,0,0
C>G,ACG,0,0,0,0,0,0,22,0,0,19,0,6,1,0,704,0,0,0,0,0,0,0,0,0,195,0,0,16494,0,0,1,0,0,0,0,0,1,0,0,0,0,0,0,0,0,0,0,16,0,0,0,0,0,0,0,8,0
C>G,GCG,0,0,0,0,0,0,0,0,0,0,0,3089,0,0,0,0,0,0,0,0,0,0,0,0,0,0,0,0,0,0,0,0,0,0,0,0,0,0,0,0,0,0,0,0,0,0,0,0,0,0,0,0,0,0,0,0,0
C>G,CCT,4,12,0,0,16,2,0,2,0,5,3,186,4,5,95,8,2,0,2999,0,513,0,17,23,143,9,2,45,2,0,0,11,0,0,0,0,0,0,0,1,1,5,2,1,0,2,0,3,0,4,0,0,0,4,2,0,1
C>G,TCT,3066,0,17,68,0,0,336,22,25,0,103,0,2399,27,7,0,32,69,0,961,73,21,9,0,123,8,4,0,3,691,81,243,66,4,1,1,0,21,5,0,3,0,0,0,0,0,9,0,0,5,0,639,0,634,0,0,0
C>G,GCC,0,2294,9,0,0,18,5,0,0,0,0,0,0,0,0,0,3,0,0,0,0,0,0,0,76,0,0,0,0,0,1,49,0,720,654,0,2,201,0,0,0,0,0,0,4,0,0,637,0,629,0,0,0,0,0,0,0
C>G,GCT,0,0,0,0,0,0,0,0,0,0,0,17,0,0,11,0,0,0,0,0,0,0,0,0,12,636,0,0,0,0,5,0,0,0,0,0,0,0,0,0,0,0,0,0,0,0,0,0,0,0,0,0,0,0,0,111,0
C>G,ACT,20,0,22,0,0,41,423,1,2,0,26,0,3124,182,0,0,3,0,5,34,609,0,0,27,0,3,4,0,5,5,1,0,878,0,0,636,48,0,12,0,0,0,631,0,3,8,1,2,0,12,0,0,0,0,0,0,0
C>G,TCG,0,34,0,14,0,0,0,0,0,0,0,0,0,0,0,16,1399,0,0,66,0,0,0,0,81,99,0,0,59,0,31,0,1,27,26,0,0,8,655,0,60,0,0,1,3,1,0,0,0,1,0,0,2,0,0,0,0
C>G,CCG,0,19,10,0,0,147,0,0,0,0,0,15,0,0,0,0,0,0,0,143,0,0,0,0,0,0,6,9,0,0,2,8,0,169,0,0,0,4,0,0,0,0,0,0,2,0,0,0,0,0,0,0,0,0,0,0,0
C>G,CCA,17,6,3,0,0,3,41,0,0,181,0,0,0,20,2,1,1,5,0,0,0,590,2,6,3,0,0,0,5,3,0,4,0,2,2,0,741,8,0,3,0,1,0,1,15,0,0,0,0,0,0,0,0,0,0,0,0
C>G,TCC,2,5,0,0,210,37,0,0,0,30,0,3,5,0,14,5,0,33,93,135,229,1786,32,76,10,0,0,24,2,0,2,0,0,6,0,0,0,18,0,0,0,0,0,0,0,1,1,3,0,0,0,0,0,0,0,0,0
C>G,CCC,1,3,0,0,0,3,0,0,36,1,0,1,0,0,14,2,0,0,0,689,0,4,0,0,0,0,8,1,1,0,0,2,6,5,0,0,8,0,0,0,0,1,1,0,2,0,0,11,0,1,0,0,0,0,0,0,0
C>G,TCA,21,0,2,319,2,3,45,181,8,0,19,10,7,40,125,3,2,3054,1,0,0,0,3,0,2838,13,7,2,0,13,0,0,1,0,1,0,0,631,0,0,779,35,10,0,0,0,0,0,0,0,0,19,12,0,0,7,0
C>T,ACC,36,26,6,0,627,6,0,4,8,2,12337,5168,0,22,0,46,0,0,1125,0,0,3606,48,4,0,18,3649,0,83,748,3500,91,1000,0,0,0,0,0,0,1,2,1,6,573,0,0,0,0,0,0,2550,0,0,1394,1,3251,0
C>T,GCA,0,0,0,21,0,0,0,0,0,12,0,2,16,0,0,17,6251,0,0,19,0,0,0,0,0,0,1,30,3,0,12,0,841,608,0,0,0,1551,1099,0,295,0,0,69,2,0,0,0,0,0,23,0,1,0,0,0,0
C>T,ACA,624,0,17,405,0,12651,8014,0,0,2,16,488,0,6547,5092,5,5823,3767,15024,6519,8179,8139,1212,4,3878,3743,0,0,1,3,1470,102,4441,3,1,0,1457,997,0,175,682,204,0,0,1,0,1382,180,1,872,0,2,0,0,857,0,0
C>T,ACG,0,0,0,0,0,0,18,0,0,12,0,2,12,0,7101,0,0,0,0,0,0,0,0,0,10380,0,0,224,0,0,0,0,0,0,0,41,1030,0,0,0,0,0,0,0,0,0,0,33,997,0,7,0,0,0,0,1471,0
C>T,GCG,0,0,0,0,0,0,0,0,0,0,0,65618,0,0,0,0,0,0,0,0,0,0,0,0,0,0,0,0,0,0,0,0,0,0,0,0,0,0,0,0,0,0,0,0,0,0,0,0,0,0,0,0,0,0,0,0,0
C>T,CCT,27,34,0,0,166,11,0,14,24,17,26,9682,16398,14,11782,47,45,0,210,0,1178,12,272,43,149,7,35,5187,9,0,0,17,0,0,2,2,0,0,6,4,38,181,158,44,0,634,1,836,0,701,1,0,0,231,2,629,1022
C>T,TCT,43402,0,1019,206,0,0,10084,226,34485,0,981,0,4285,5106,61,0,7560,6949,0,428,8822,50,4232,0,974,3245,4243,0,48,8731,48,12904,35,1880,1,1784,0,10,1673,0,7,0,0,1827,769,0,2274,1283,1300,658,1,2102,1,256,0,3,0
C>T,GCC,0,2190,6,0,0,4,1164,0,0,0,0,0,0,0,0,0,150,0,0,0,0,0,0,0,246,0,0,0,0,0,0,20843,0,1824,12,0,222,268,0,0,0,0,0,0,2,0,0,298,0,1628,0,0,0,0,0,0,0
C>T,GCT,0,0,0,0,0,0,0,0,0,0,0,100,0,0,168,0,0,0,0,0,0,0,0,0,4898,1734,0,0,0,0,2369,0,0,0,0,0,0,0,0,0,0,0,0,0,0,0,0,0,1,0,0,0,0,0,0,2,0
C>T,ACT,626,0,4865,0,0,62,122,707,6,0,7165,0,7645,176,0,0,12,0,36,9342,24890,0,0,393,0,3,12966,0,5016,2393,2585,0,1572,0,0,701,10598,0,2683,0,0,4,1232,0,1,18,1158,2,1,3172,199,1,0,0,7,0,171
C>T,TCG,0,4498,0,16,0,0,0,0,0,0,0,0,0,0,0,93,5673,0,0,14153,0,0,0,0,4307,508,0,0,517,0,3496,0,11,2934,819,0,0,1985,1,0,4438,1,0,5,3,1,0,0,0,0,0,5,499,0,1,0,0
C>T,CCG,0,5,6,0,0,2991,0,0,0,0,0,4,0,0,0,0,0,0,0,14786,0,0,0,0,0,0,1,5230,0,0,11,7,0,2639,0,0,0,69,0,0,0,0,0,0,1,0,0,0,0,0,0,0,0,703,0,0,0
C>T,CCA,4246,18,26,0,0,6,10691,0,0,6902,0,0,0,5982,7,9,0,26,0,0,0,10939,7,19,5,0,0,0,2085,55,0,112,9,3,13,0,13,1244,0,282,0,224,0,758,3372,0,0,0,0,0,0,0,0,2,0,0,0
C>T,TCC,353,16,0,0,4770,43,0,0,0,45,0,36,54,0,56,20953,0,331,556,1110,8233,35431,12813,2714,26649,0,0,19868,907,0,66,0,0,2966,0,2,479,1144,1,6475,0,2,4,16,0,53,0,294,0,213,0,0,0,36,1,0,0
C>T,CCC,53,8,0,0,0,4,0,0,6,4,0,22,0,0,10,8,0,0,0,14480,0,19,0,9,0,0,8,5,3124,0,0,2392,106,1657,0,0,1739,0,0,3,0,0,118,1,1003,1105,0,2174,0,630,0,0,0,0,0,0,0
C>T,TCA,33,0,824,15933,47,11483,265,10063,1956,5,4251,7343,20476,44,5300,17,66901,65985,4,0,0,0,10,0,13388,1069,1021,1982,0,14270,0,103,70,0,2,5464,0,22,350,0,259,2035,4523,290,0,0,760,0,2356,14,1527,741,3102,194,0,1996,172
T>A,CTT,0,609,16,276,257,6,1,9,5,816,4,6,6,0,3,9,1462,3,0,31,657,0,2935,7,116,12,185,0,71,540,6,180,152,0,0,20,1,0,41,0,3,0,0,0,64,6,4,1,57,0,4,0,0,0,12,656,0
T>A,ATG,51,40,19,488,17,30,396,9,0,140,1189,10,12,1050,30,9,3,0,313,0,0,12979,3,15,891,97,0,2,2,89,0,78,2,694,0,726,5,3,0,46,3,0,1,0,0,0,0,0,2,0,0,0,0,641,0,0,10
T>A,GTC,493,48,746,402,0,793,22,2,0,711,1948,151,3,174,83,1065,4,3266,0,295,0,789,6,226,823,143,2,112,0,450,153,0,0,742,0,9,0,58,81,0,8,0,0,0,22,2,1,1,6,0,2,640,17,0,637,1,0
T>A,ATC,44,0,0,99,0,5,0,214,0,16,53,4,0,108,15,6,852,197,142,479,817,0,8,12,297,0,5,0,3,109,68,0,1358,0,0,1,0,48,24,0,0,0,2,8,8,4,0,0,653,8,0,1,14,0,0,7,0
T>A,ATA,7,0,0,12,0,472,12,0,1,5,0,513,35,3941,84,505,0,4,1385,126,3,0,0,192,33,1,0,103,76,0,0,0,145,3,111,6,0,1,32,1,0,0,0,396,2,1,0,0,0,0,0,626,0,0,0,0,0
T>A,GTG,0,0,0,0,0,0,0,0,0,657,0,6,0,278,434,284,50807,0,0,0,0,1039,0,0,12576,0,0,0,245,1469,0,8,0,0,0,0,240,180,0,0,0,0,1,0,0,0,0,0,0,0,11,7,0,0,633,0,0
T>A,TTT,0,27,38,3186,395,168,83,40,2,0,1634,580,123,2,0,3,141,1827,23,50,85,281,748,12,559,4,2,684,8,0,2,2,2,639,2001,1,0,23,0,655,0,28,0,0,1,716,0,0,0,0,0,0,8,55,0,0,0
T>A,ATT,135,22,10,151,55,0,186,1204,493,51,898,4,12,351,103,8,0,0,11,0,0,33,15,6,0,0,31,93,6,122,0,690,6,0,10,0,0,12,646,11,0,1,0,637,0,247,3318,18,0,19,50,0,9,0,0,2,0
T>A,CTG,903,0,982,0,0,288,9,0,21,5695,4,0,1400,79,0,0,38,5,0,3703,16,9,0,1817,10,1056,0,0,0,0,4,0,10,0,243,0,0,0,639,0,61,636,0,0,0,0,667,6,35,11,0,0,0,0,0,120,0
T>A,GTT,0,168,9,0,260,22,0,0,5,1128,0,3,0,11,14,499,190,123,5,310,448,54,0,2165,0,1,107,0,0,0,0,0,702,2943,0,692,72,0,0,370,0,0,2,0,1,0,0,24,645,0,0,932,35,0,1,0,0
T>A,CTA,53,12,0,0,0,0,718,2,4,0,4,2,7,646,65,377,0,0,715,0,0,338,60,1,234,0,0,18,2,3,4,17,0,0,0,0,740,0,0,118,0,0,0,0,0,660,0,0,0,18,0,0,0,0,0,0,0
T>A,CTC,1,0,0,0,0,1158,0,9,1346,0,0,0,0,22,0,0,3,0,0,0,126,17,777,8,0,0,0,0,0,0,10,675,0,0,3,0,0,2,175,0,0,1,21,3,0,0,1,0,0,0,0,5,0,0,4,0,0
T>A,TTC,0,14,17,274,2593,0,9,4,1456,0,0,1421,54,0,1257,7,0,0,0,0,0,0,53,0,7,0,10,6,1028,635,0,157,3,923,3,1,0,0,945,0,524,19,0,634,669,0,1,1,799,3,13,78,0,2,0,9,0
T>A,TTA,2133,58,1467,372,6494,43,53,1189,10,81,527,6,12,38,1761,23,29,15,12,334,27,3714,0,83,0,8,12,608,181,0,0,0,648,929,84,664,0,8,10,12,0,0,0,51,0,47,0,1,0,636,0,2,0,0,0,0,0
T>A,TTG,686,0,11,6,2466,0,1,98,4,0,331,0,0,5,0,0,0,485,0,393,2945,9,84,1,0,0,4,0,4,560,7,48,0,0,0,0,1,26,0,9,0,0,0,34,1,21,728,22,0,0,0,4,0,0,680,0,0
T>A,GTA,22,0,290,1230,0,1109,65,3,0,12,4,369,1002,26,10,0,89,2206,13,6,132,0,394,16,10,131,0,2,3,7,0,14,752,0,848,0,0,0,4,3,672,0,0,6,0,0,0,0,691,5,15,0,0,13,0,0,0
T>C,CTT,0,1546,131,68,31974,26,28,3483,2900,4435,33,2847,35,0,20,39,6911,4090,0,5765,161,0,561,17,22,7,1117,0,1485,1703,14,60,607,6,0,1637,9,0,570,9,55,0,263,1,332,160,834,0,917,0,225,0,0,1,539,109,1
T>C,ATG,1451,892,11,4731,8,11,2497,3,0,9,3737,780,8,722,995,4,18,0,1024,0,0,1153,3,368,3980,131,0,12108,4,669,0,1832,115,186,0,2164,90,7662,0,1361,1,0,2,0,74,0,25,0,103,0,12,0,0,361,16,0,192
T>C,GTC,2370,213,223,919,0,475,4300,7,0,2547,2739,511,11,905,56,650,7,904,0,102,0,281,10,893,293,719,1567,151,0,553,1203,0,0,155,0,18,0,147,1053,0,613,155,0,627,41,41,7,0,4,0,3,15,231,4,79,2,0
T>C,ATC,23,0,0,5303,0,5175,0,4737,0,6238,4,1579,0,80,4752,11,2501,12696,6493,2152,3978,0,2088,2563,34,0,1229,0,3,962,1176,0,839,0,1383,1017,0,671,1,0,0,0,683,860,54,88,0,31,226,37,0,1,67,0,0,67,0
T>C,ATA,553,0,0,9,0,5764,7,0,4168,2,0,12,11972,29194,11,11,0,9,4075,4756,55,0,0,4083,646,6,0,1,2335,0,0,0,95,0,29,2,0,11,31,1,2,0,804,375,1,1312,0,0,0,0,0,184,626,0,0,144,0
T>C,GTG,0,0,0,0,0,0,0,0,0,1565,0,7,0,1275,3565,2057,487,0,0,0,0,1183,0,0,2282,0,3,0,1146,480,0,1627,0,0,0,0,743,57,0,0,1,2,0,0,0,0,0,3,0,0,25,56,0,0,60,724,0
T>C,TTT,0,7641,6395,13797,22784,2876,11300,584,30,0,10664,11084,260,13,0,16,8729,8135,3567,3250,4445,6144,3496,692,1322,27,34,3208,2011,0,2094,2060,36,893,1391,2047,1692,2413,310,6077,0,0,0,667,175,2131,795,0,180,0,0,0,786,433,0,41,1030
T>C,ATT,1377,4720,2579,1272,18,0,281,7887,62136,7110,3059,5887,25295,1863,2076,6,0,0,7871,0,0,6917,318,11,0,0,5494,2709,32,2655,0,726,2625,0,76,0,0,554,664,6900,83,0,0,3,0,819,68,107,0,419,135,1,83,0,0,135,0
T>C,CTG,200,0,40,0,0,642,878,0,12,42305,5,0,1884,483,0,0,65,722,0,320,3804,21,0,800,55,191,0,0,0,0,9,0,31,0,2,1,0,0,377,0,755,70,0,0,0,0,301,708,20,2,0,0,0,1,0,25,0
T>C,GTT,0,750,10,0,550,8,0,0,13,4058,0,7,0,14,2,2290,551,1218,3,685,3606,1859,0,2415,0,3,383,18,8,0,0,0,109,238,0,23,1,0,0,2,0,0,176,179,3,0,106,25,116,0,1,146,858,0,20,0,0
T>C,CTA,1052,19,0,0,0,0,2383,3,38,0,11,4,142,3541,13238,5546,0,0,3995,0,0,14649,21,5,1763,0,0,115,7,6,2,33,0,0,0,0,387,0,0,207,0,24,0,0,3,349,0,1,0,270,0,0,0,1,0,0,0
T>C,CTC,50,0,0,0,0,1503,0,7288,1751,0,0,0,0,244,0,0,91,0,0,0,76,3989,10823,20,0,0,0,0,0,0,10,3120,0,0,4,0,0,71,555,0,3,0,692,796,0,0,159,0,0,0,0,8,0,0,150,0,0
T>C,TTC,0,3774,2054,2151,1893,0,18943,10,16348,0,0,3732,5922,0,7084,4561,0,0,0,0,0,0,6047,0,124,0,10,3606,32174,3850,0,1528,447,1239,1573,9,7600,0,783,948,427,1139,1,268,3,47,1863,21,1009,754,795,385,0,2778,331,131,222
T>C,TTA,1973,1700,4941,116,1055,9,4118,7199,6,5052,5308,15,10271,38,3877,205,189,3827,5620,57,8549,5330,0,2480,0,30792,2776,4873,891,0,0,0,2298,2913,285,361,0,2803,29,2380,0,0,649,2537,133,351,0,0,649,749,205,134,26,0,1,211,0
T>C,TTG,174,0,3292,4,1203,0,547,3998,5,0,5677,0,0,11,0,0,0,7047,12,17783,13812,9634,4897,4630,0,0,3,0,11307,17,1039,2309,0,0,0,3,451,1261,0,24,0,17,0,187,1,1,180,798,1,0,0,295,0,0,96,0,0
T>C,GTA,67,0,288,9660,0,451,2892,535,0,3,316,291,570,3195,6,0,9023,1514,15040,5,7,0,1649,14,22,26,0,266,2034,8,0,23,226,0,148,2,0,4,22,639,235,0,1,5,2,0,4,0,23,20,12,0,0,27,0,4,0
T>G,CTT,0,566,323,772,863,5,5,11,16,431,70,4,19,0,3,11,405,4,0,707,128,0,1886,9,29,2,95,0,739,4094,17,512,6,4,0,19,28,0,90,1,1,0,0,10,23,97,5,41,28,8,641,0,0,2,659,11,0
T>G,ATG,95,29,6,751,16,17,73,18,0,1073,2699,8,11,491,39,10,3,0,167,0,0,161,11,16,839,61,0,2,2,284,0,118,0,129,0,153,48,629,0,735,2,0,1,0,1,0,1,0,0,0,0,0,0,30,0,0,654
T>G,GTC,86,87,65,223,0,149,30,80,0,100,710,141,120,227,11,220,10,138,0,328,0,166,9,175,116,92,2,135,0,714,120,0,0,97,0,15,0,26,29,0,6,0,0,0,32,0,631,0,0,0,3,631,1255,0,18,3,0
T>G,ATC,2,0,0,52,0,2,0,62,0,5,217,10,0,11,158,3,17,188,260,128,126,0,6,10,947,0,3,0,69,113,18,0,994,0,26,0,0,14,7,0,0,0,2,5,5,6,0,0,144,0,0,1,3,0,0,1,0
T>G,ATA,6,0,0,28,0,1002,2,0,0,3,0,5,15,2894,21,738,0,3,16,23,2,0,0,147,10,1,0,2,13,0,0,0,635,1,5,1,0,0,715,2,2,0,0,13,2,0,0,0,0,1,1,0,1,0,0,0,0
T>G,GTG,0,0,0,0,0,0,0,0,0,1043,0,16,0,1133,770,680,3678,0,0,0,0,3289,0,0,274,0,24,0,333,396,0,39,0,0,0,0,327,1049,0,0,1,4,1,0,0,0,0,1,0,0,53,665,0,0,8,1,0
T>G,TTT,0,492,39,689,1978,448,316,20,2,0,10034,11,3356,3,0,5,357,3631,5,858,75,1039,2448,620,2603,3,5,4,6,0,4,65,7,97,50,5,0,44,1,122,0,2,0,115,3,155,4,0,1,1,0,0,105,876,1,3,3
T>G,ATT,172,11,6,92,4,0,469,2129,727,24,163,0,3761,938,32,1,0,0,4,0,0,14,2,24,0,0,20,423,7,366,0,83,4,0,48,0,0,1,154,11,1,0,0,9,0,95,219,30,0,934,1,721,39,0,0,1,0
T>G,CTG,999,0,63,0,0,66,111,0,14,1658,7,0,358,41,0,0,156,58,0,588,35,15,0,617,57,206,0,0,0,0,9,0,82,0,0,0,0,0,13,0,11,17,0,0,0,0,15,0,9,2,0,0,0,0,0,663,0
T>G,GTT,0,315,44,0,271,28,0,0,14,40,0,634,0,24,38,1124,375,85,10,469,1645,3610,0,7543,0,11,445,13,14,0,0,0,126,186,2,110,1,3,0,675,0,1,3,0,11,0,2,1375,34,0,626,145,3,0,0,0,0
T>G,CTA,74,9,0,0,0,0,166,6,5,0,2,4,31,380,308,1023,0,0,2953,0,0,320,193,17,105,0,0,10,9,5,1,135,0,0,0,0,44,0,0,9,0,0,0,0,0,50,0,0,2,7,0,626,0,0,0,0,0
T>G,CTC,695,0,0,0,0,226,0,63,197,0,0,0,0,1526,0,0,53,0,0,0,140,2372,983,0,0,0,0,0,0,0,16,32,0,0,0,0,0,18,713,0,0,2,8,3,0,0,1,0,0,0,0,635,0,0,0,0,0
T>G,TTC,0,6,8,30,1810,0,6,6,1874,0,0,1251,51,0,5127,7,0,0,0,0,0,0,11,0,8,0,0,108,131,457,0,649,1,1139,6,10,0,0,0,1,764,1,0,2,0,0,8,0,26,9,0,653,0,0,2,12,0
T>G,TTA,5,59,3002,76,4174,4,86,770,4,138,89,4,6,10,635,33,9,4,7,1377,4,1898,0,120,0,4,22,707,374,0,0,0,37,1435,41,669,0,2,21,25,0,0,0,31,2,5,0,0,1,11,1,12,1,0,2,2,0
T>G,TTG,16,0,123,6,55,0,8,132,14,0,384,0,0,38,0,0,0,270,6,115,9149,12,518,17,0,0,5,0,523,33,50,213,0,0,0,5,3,6,0,5,0,0,0,223,1,0,85,74,0,0,0,61,0,0,4,0,0
T>G,GTA,21,0,1001,690,0,557,70,6,0,18,10,1404,1151,86,7,0,119,3287,14,16,9,0,1627,12,11,295,0,3,2,12,0,5,462,0,173,0,0,0,2,4,111,0,0,10,1,0,1,0,3,2,109,0,0,33,0,0,0
