2096,C,0.01094890511,0.05,1,quartile 1,0.08,0.00190082697,63.6042323
2097,C,0.01094890511,0.05,2,median,0.28,0.02028192816,63.6042323
2098,C,0.01094890511,0.11,3,quartile 3,0.65,0.2070995133,63.6042323
2099,A,0.002721736348,0.18,4,,,,31.26045531
2100,U,0.002721736348,0.46,5,,,,31.26045531
2101,U,0.002721736348,0.7,6,,,,31.26045531
2102,A,0.002526304763,0.75,7,,,,2.149559637
2103,G,0.002526304763,0.92,8,,,,2.149559637
2104,U,0.002526304763,0.7,9,,,,2.149559637
2105,C,0.2367105507,0.85,10,,,,1.651243423
2106,C,0.2367105507,0.83,11,,,,1.651243423
2107,U,0.2367105507,0.77,12,,,,1.651243423
2108,A,0.22713381,0.86,13,,,,0.5435015849
2109,U,0.22713381,0.88,14,,,,0.5435015849
2110,U,0.22713381,0.85,15,,,,0.5435015849
2111,G,0.01501721138,0.67,16,,,,19.72718096
2112,A,0.01501721138,0.48,17,,,,19.72718096
2113,G,0.01501721138,0.06,18,,,,19.72718096
2114,A,0.3057051602,0.85,19,,,,1.72983349
2115,C,0.3057051602,0.97,20,,,,1.72983349
2116,U,0.3057051602,0.99,21,,,,1.72983349
2117,G,0.1830723091,0.96,22,,,,18.51691557
2118,U,0.1830723091,0.96,23,,,,18.51691557
2119,A,0.1830723091,0.95,24,,,,18.51691557
2120,C,0.02222222222,0.94,25,,,,4.128519718
2121,C,0.02222222222,0.84,26,,,,4.128519718
2122,A,0.02222222222,0.25,27,,,,4.128519718
2123,G,0.03945175845,0.33,28,,,,0.1084422198
2124,U,0.03945175845,0.59,29,,,,0.1084422198
2125,A,0.03945175845,0.47,30,,,,0.1084422198
2126,A,0.1454457827,0.08,31,,,,0.142530379
2127,A,0.1454457827,0.12,32,,,,0.142530379
2128,A,0.1454457827,0.46,33,,,,0.142530379
2129,U,0.002400045587,0.73,34,,,,0.004408492582
2130,U,0.002400045587,0.48,35,,,,0.004408492582
2131,A,0.002400045587,0.1,36,,,,0.004408492582
2132,A,0.004277956356,0.03,37,,,,13.1701813
2133,A,0.004277956356,0.06,38,,,,13.1701813
2134,G,0.004277956356,0.07,39,,,,13.1701813
2135,C,0.1999629652,0.33,40,,,,4.422344689
2136,C,0.1999629652,0.4,41,,,,4.422344689
2137,A,0.1999629652,0.39,42,,,,4.422344689
2138,G,0,0.05,43,,,,4.039064084
2139,G,0,0.04,44,,,,4.039064084
2140,A,0,0.07,45,,,,4.039064084
2141,A,Infinity,0.49,46,,,,0.006101544765
2142,U,Infinity,0.88,47,,,,0.006101544765
2143,G,Infinity,0.91,48,,,,0.006101544765
2144,G,0.009615384615,0.84,49,,,,Infinity
2145,A,0.009615384615,0.71,50,,,,Infinity
2146,U,0.009615384615,0.82,51,,,,Infinity
2147,G,0,0.77,52,,,,127.6023187
2148,G,0,0.81,53,,,,127.6023187
2149,C,0,0.69,54,,,,127.6023187
2150,C,0.03260265738,0.82,55,,,,3.893715878
2151,C,0.03260265738,0.72,56,,,,3.893715878
2152,A,0.03260265738,0.5,57,,,,3.893715878
2153,A,0.2146063862,0.31,58,,,,1.466142826
2154,A,0.2146063862,0.05,59,,,,1.466142826
2155,A,0.2146063862,0.56,60,,,,1.466142826
2156,G,0.07918234374,0.73,61,,,,Infinity
2157,U,0.07918234374,0.72,62,,,,Infinity
2158,U,0.07918234374,0.32,63,,,,Infinity
2159,A,0.01709874009,0.25,64,,,,Infinity
2160,A,0.01709874009,0.03,65,,,,Infinity
2161,A,0.01709874009,0.08,66,,,,Infinity
2162,C,0.001078035222,0.13,67,,,,Infinity
2163,A,0.001078035222,0.19,68,,,,Infinity
2164,A,0.001078035222,0.35,69,,,,Infinity
2165,U,Infinity,0.7,70,,,,0.4999520077
2166,G,Infinity,0.59,71,,,,0.4999520077
2167,G,Infinity,0.63,72,,,,0.4999520077
2168,C,0.006172839506,0.6,73,,,,0.07279965906
2169,C,0.006172839506,0.26,74,,,,0.07279965906
2170,A,0.006172839506,0.5,75,,,,0.07279965906
2171,U,0.00146309402,0.84,76,,,,0.04218950707
2172,U,0.00146309402,0.72,77,,,,0.04218950707
2173,G,0.00146309402,0.24,78,,,,0.04218950707
2174,A,0.5178091946,0.21,79,,,,0.1497006054
2175,C,0.5178091946,0.22,80,,,,0.1497006054
2176,A,0.5178091946,0.22,81,,,,0.1497006054
2177,G,0.08878319909,0.13,82,,,,7.485060652
2178,A,0.08878319909,0.13,83,,,,7.485060652
2179,A,0.08878319909,0.1,84,,,,7.485060652
2180,G,0.00303030303,0.07,85,,,,Infinity
2181,A,0.00303030303,0.04,86,,,,Infinity
2182,A,0.00303030303,0.04,87,,,,Infinity
2183,A,0.00350686347,0.06,88,,,,2.437439809
2184,A,0.00350686347,0.08,89,,,,2.437439809
2185,A,0.00350686347,0.21,90,,,,2.437439809
2186,A,0.6674605275,0.28,91,,,,0.09353895728
2187,U,0.6674605275,0.52,92,,,,0.09353895728
2188,A,0.6674605275,0.34,93,,,,0.09353895728
2189,A,0.09632496161,0.26,94,,,,40.13347374
2190,A,0.09632496161,0.1,95,,,,40.13347374
2191,A,0.09632496161,0.06,96,,,,40.13347374
2192,G,0.01851851852,0.32,97,,,,0.20840308
2193,C,0.01851851852,0.34,98,,,,0.20840308
2194,A,0.01851851852,0.63,99,,,,0.20840308
2195,U,0.002584524125,0.84,100,,,,0.03784660837
2196,U,0.002584524125,0.81,101,,,,0.03784660837
2197,A,0.002584524125,0.18,102,,,,0.03784660837
2198,G,8.56848316,0.68,103,,,,8.300708538
2199,U,8.56848316,0.71,104,,,,8.300708538
2200,A,8.56848316,0.66,105,,,,8.300708538
2201,G,0.07768579338,0.06,106,,,,Infinity
2202,A,0.07768579338,0.03,107,,,,Infinity
2203,A,0.07768579338,0.03,108,,,,Infinity
2204,A,0.005561225349,0.07,109,,,,Infinity
2205,U,0.005561225349,0.2,110,,,,Infinity
2206,U,0.005561225349,0.19,111,,,,Infinity
2207,U,0,0.35,112,,,,0.428694627
2208,G,0,0.39,113,,,,0.428694627
2209,U,0,0.94,114,,,,0.428694627
2210,A,4.992924329,0.66,115,,,,1.175302741
2211,C,4.992924329,0.65,116,,,,1.175302741
2212,A,4.992924329,0.4,117,,,,1.175302741
2213,G,0.03167012734,0.47,118,,,,61.34755725
2214,A,0.03167012734,0.44,119,,,,61.34755725
2215,A,0.03167012734,0.39,120,,,,61.34755725
2216,A,0.714637692,0.47,121,,,,0.0151516333
2217,U,0.714637692,0.56,122,,,,0.0151516333
2218,G,0.714637692,0.42,123,,,,0.0151516333
2219,G,0.00413567525,0.36,124,,,,0.3123864377
2220,A,0.00413567525,0.24,125,,,,0.3123864377
2221,A,0.00413567525,0.05,126,,,,0.3123864377
2222,A,0.1378782667,0.04,127,,,,33.008766
2223,A,0.1378782667,0.05,128,,,,33.008766
2224,G,0.1378782667,0.04,129,,,,33.008766
2225,G,0.2219855311,0.05,130,,,,13.65788902
2226,A,0.2219855311,0.08,131,,,,13.65788902
2227,A,0.2219855311,0.1,132,,,,13.65788902
2228,G,0.0008351898479,0.16,133,,,,166.0387694
2229,G,0.0008351898479,0.16,134,,,,166.0387694
2230,A,0.0008351898479,0.02,135,,,,166.0387694
2231,A,0.01322115385,0.02,136,,,,79.47571964
2232,A,0.01322115385,0.02,137,,,,79.47571964
2233,A,0.01322115385,0.04,138,,,,79.47571964
2234,A,0.006315631304,0.5,139,,,,9.764130599
2235,U,0.006315631304,0.88,140,,,,9.764130599
2236,U,0.006315631304,0.93,141,,,,9.764130599
2237,U,1.434839605,0.62,142,,,,7.241509434
2238,C,1.434839605,0.24,143,,,,7.241509434
2239,A,1.434839605,0.09,144,,,,7.241509434
2240,A,0.238329717,0.05,145,,,,1.044432639
2241,A,0.238329717,0.09,146,,,,1.044432639
2242,A,0.238329717,0.28,147,,,,1.044432639
2243,A,0.06465412996,0.33,148,,,,101.2396567
2244,U,0.06465412996,0.6,149,,,,101.2396567
2245,U,0.06465412996,0.4,150,,,,101.2396567
2246,G,0.004201680672,0.57,151,,,,70.88553046
2247,G,0.004201680672,0.67,152,,,,70.88553046
2248,G,0.004201680672,0.66,153,,,,70.88553046
2249,C,0.02564102564,0.74,154,,,,7.611908559
2250,C,0.02564102564,0.97,155,,,,7.611908559
2251,U,0.02564102564,0.97,156,,,,7.611908559
2252,G,0.02916666667,0.97,157,,,,37.32850259
2253,A,0.02916666667,0.91,158,,,,37.32850259
2254,A,0.02916666667,0.91,159,,,,37.32850259
2255,A,0,0.91,160,,,,Infinity
2256,A,0,0.91,161,,,,Infinity
2257,U,0,0.91,162,,,,Infinity
2258,C,0.0119047619,0.94,163,,,,24.19080223
2259,C,0.0119047619,0.98,164,,,,24.19080223
2260,A,0.0119047619,0.98,165,,,,24.19080223
2261,U,0.0008468538538,0.88,166,,,,191.1706413
2262,A,0.0008468538538,0.21,167,,,,191.1706413
2263,C,0.0008468538538,0.09,168,,,,191.1706413
2264,A,0,0.09,169,,,,61.15139106
2265,A,0,0.08,170,,,,61.15139106
2266,U,0,0.08,171,,,,61.15139106
2267,A,0.01816835349,0.08,172,,,,Infinity
2268,C,0.01816835349,0.08,173,,,,Infinity
2269,U,0.01816835349,0.07,174,,,,Infinity
2270,C,0.009260116625,0.06,175,,,,0.01589147944
2271,C,0.009260116625,0.06,176,,,,0.01589147944
2272,A,0.009260116625,0.06,177,,,,0.01589147944
2273,G,1.185152611,0.03,178,,,,52.44
2274,U,1.185152611,0.82,179,,,,52.44
2275,A,1.185152611,0.82,180,,,,52.44
2276,U,0.0192427893,0.93,181,,,,12.306625
2277,U,0.0192427893,0.21,182,,,,12.306625
2278,U,0.0192427893,0.16,183,,,,12.306625
2279,G,0.04914529915,0.01,184,,,,115.871855
2280,C,0.04914529915,0.01,185,,,,115.871855
2281,C,0.04914529915,0.01,186,,,,115.871855
2282,A,0.01586923678,0.73,187,,,,11.28672252
2283,U,0.01586923678,0.8,188,,,,11.28672252
2284,A,0.01586923678,0.89,189,,,,11.28672252
2285,A,0.1166627693,0.15,190,,,,82.76699909
2286,A,0.1166627693,0.16,191,,,,82.76699909
2287,G,0.1166627693,0.08,192,,,,82.76699909
2288,A,0.02377848821,0.04,193,,,,Infinity
2289,A,0.02377848821,0.01,194,,,,Infinity
2290,A,0.02377848821,0,195,,,,Infinity
2291,A,0.0003994442245,0,196,,,,0.2841311797
2292,A,0.0003994442245,0,197,,,,0.2841311797
2293,A,0.0003994442245,0,198,,,,0.2841311797
2294,G,0.1584855218,0.01,199,,,,1.587364367
2295,A,0.1584855218,0.01,200,,,,1.587364367
2296,C,0.1584855218,0.01,201,,,,1.587364367
2297,A,0.2400433447,0.08,202,,,,0.5626784687
2298,G,0.2400433447,0.08,203,,,,0.5626784687
2299,U,0.2400433447,0.09,204,,,,0.5626784687
2300,A,1.263837086,0.32,205,,,,14.55972145
2301,C,1.263837086,0.46,206,,,,14.55972145
2302,U,1.263837086,0.51,207,,,,14.55972145
2303,A,0.2007447584,0.46,208,,,,Infinity
2304,A,0.2007447584,0.39,209,,,,Infinity
2305,A,0.2007447584,0.25,210,,,,Infinity
2306,U,Infinity,0.29,211,,,,0.1999721112
2307,G,Infinity,0.28,212,,,,0.1999721112
2308,G,Infinity,0.27,213,,,,0.1999721112
2309,A,0.006913265328,0.22,214,,,,40.35411921
2310,G,0.006913265328,0.2,215,,,,40.35411921
2311,A,0.006913265328,0.17,216,,,,40.35411921
2312,A,0.004242629901,0.38,217,,,,0.3173760385
2313,A,0.004242629901,0.43,218,,,,0.3173760385
2314,A,0.004242629901,0.43,219,,,,0.3173760385
2315,U,0.1936521255,0.85,220,,,,0.1457757296
2316,U,0.1936521255,0.68,221,,,,0.1457757296
2317,A,0.1936521255,0.49,222,,,,0.1457757296
2318,G,1.132352124,0.46,223,,,,17.05954438
2319,U,1.132352124,0.43,224,,,,17.05954438
2320,A,1.132352124,0.37,225,,,,17.05954438
2321,G,0,0.51,226,,,,2.665006862
2322,A,0,0.73,227,,,,2.665006862
2323,U,0,0.95,228,,,,2.665006862
2324,U,0.007813620873,0.97,229,,,,43.78836154
2325,U,0.007813620873,0.91,230,,,,43.78836154
2326,C,0.007813620873,0.76,231,,,,43.78836154
2327,A,0,0.66,232,,,,96.30109831
2328,G,0,0.54,233,,,,96.30109831
2329,A,0,0.46,234,,,,96.30109831
2330,G,0.007906211886,0.15,235,,,,0.669182642
2331,A,0.007906211886,0.17,236,,,,0.669182642
2332,A,0.007906211886,0.17,237,,,,0.669182642
2333,C,0.07430010255,0.21,238,,,,Infinity
2334,U,0.07430010255,0.54,239,,,,Infinity
2335,U,0.07430010255,0.49,240,,,,Infinity
2336,A,0.0009259259259,0.13,241,,,,104.2393661
2337,A,0.0009259259259,0.14,242,,,,104.2393661
2338,U,0.0009259259259,0.82,243,,,,104.2393661
2339,A,0.00257438078,0.85,244,,,,406.914904
2340,A,0.00257438078,0.79,245,,,,406.914904
2341,G,0.00257438078,0.78,246,,,,406.914904
2342,A,0.8202181472,0.8,247,,,,295.6574108
2343,G,0.8202181472,0.85,248,,,,295.6574108
2344,A,0.8202181472,0.59,249,,,,295.6574108
2345,A,0.004309945734,0.75,250,,,,148.1915992
2346,C,0.004309945734,0.83,251,,,,148.1915992
2347,U,0.004309945734,0.8,252,,,,148.1915992
2348,C,0,0.53,253,,,,7.253651755
2349,A,0,0.48,254,,,,7.253651755
2350,A,0,0.35,255,,,,7.253651755
2351,G,0.003220225384,0.11,256,,,,2295.38115
2352,A,0.003220225384,0.06,257,,,,2295.38115
2353,U,0.003220225384,0.12,258,,,,2295.38115
2354,U,0.0007445126811,0.22,259,,,,155.0504778
2355,U,0.0007445126811,0.22,260,,,,155.0504778
2356,C,0.0007445126811,0.31,261,,,,155.0504778
2357,U,Infinity,0.63,262,,,,Infinity
2358,G,Infinity,0.61,263,,,,Infinity
2359,G,Infinity,0.43,264,,,,Infinity
2360,G,0,0.25,265,,,,0.4263305056
2361,A,0,0.13,266,,,,0.4263305056
2362,A,0,0.35,267,,,,0.4263305056
2363,G,0.08707490505,0.54,268,,,,Infinity
2364,U,0.08707490505,0.69,269,,,,Infinity
2365,U,0.08707490505,0.75,270,,,,Infinity
2366,C,0,0.7,271,,,,0.2016728625
2367,A,0,0.17,272,,,,0.2016728625
2368,A,0,0.13,273,,,,0.2016728625
2369,U,0,0.37,274,,,,Infinity
2370,U,0,0.73,275,,,,Infinity
2371,A,0,0.62,276,,,,Infinity
2372,G,0,0.16,277,,,,71.96809422
2373,G,0,0.13,278,,,,71.96809422
2374,A,0,0.11,279,,,,71.96809422
2375,A,0.0536160797,0.12,280,,,,Infinity
2376,U,0.0536160797,0.49,281,,,,Infinity
2377,A,0.0536160797,0.45,282,,,,Infinity
2378,C,0,0.28,283,,,,26.23463194
2379,C,0,0.25,284,,,,26.23463194
2380,A,0,0.09,285,,,,26.23463194
2381,C,0.0007025398076,0.03,286,,,,67.08323626
2382,A,0.0007025398076,0.03,287,,,,67.08323626
2383,U,0.0007025398076,0.12,288,,,,67.08323626
2384,C,2.69E-04,0.18,289,,,,6.284716142
2385,C,2.69E-04,0.13,290,,,,6.284716142
2386,U,2.69E-04,0.08,291,,,,6.284716142
2387,G,1.17768595,0.03,292,,,,29.59493043
2388,C,1.17768595,0,293,,,,29.59493043
2389,A,1.17768595,0.01,294,,,,29.59493043
2390,G,0,0.16,295,,,,0.8858778409
2391,G,0,0.17,296,,,,0.8858778409
2392,G,0,0.09,297,,,,0.8858778409
2393,U,0.0566657694,0.45,298,,,,0.1225273701
2394,U,0.0566657694,0.6,299,,,,0.1225273701
2395,A,0.0566657694,0.29,300,,,,0.1225273701
2396,A,0.102148286,0.24,301,,,,46.64444227
2397,A,0.102148286,0.28,302,,,,46.64444227
2398,A,0.102148286,0.33,303,,,,46.64444227
2399,C,5.401559885,0.33,304,,,,29.92099528
2400,A,5.401559885,0.24,305,,,,29.92099528
2401,G,5.401559885,0.74,306,,,,29.92099528
2402,A,0.3478175959,0.72,307,,,,128.7536939
2403,A,0.3478175959,0.47,308,,,,128.7536939
2404,A,0.3478175959,0.49,309,,,,128.7536939
2405,A,0.05631873361,0.47,310,,,,Infinity
2406,A,0.05631873361,0.29,311,,,,Infinity
2407,A,0.05631873361,0.09,312,,,,Infinity
2408,U,0.04614957278,0.42,313,,,,0.1170960589
2409,C,0.04614957278,0.37,314,,,,0.1170960589
2410,A,0.04614957278,0.67,315,,,,0.1170960589
2411,G,0.4082291027,0.79,316,,,,0.1794533358
2412,U,0.4082291027,0.77,317,,,,0.1794533358
2413,A,0.4082291027,0.36,318,,,,0.1794533358
2414,A,0.1904761905,0.01,319,,,,0.06722027463
2415,C,0.1904761905,0.01,320,,,,0.06722027463
2416,A,0.1904761905,0.03,321,,,,0.06722027463
2417,G,0.1401655697,0.04,322,,,,0.1313698988
2418,U,0.1401655697,0.43,323,,,,0.1313698988
2419,A,0.1401655697,0.82,324,,,,0.1313698988
2420,C,0.01056754743,0.86,325,,,,Infinity
2421,U,0.01056754743,0.87,326,,,,Infinity
2422,G,0.01056754743,0.28,327,,,,Infinity
2423,G,0,0.18,328,,,,0.4922048998
2424,A,0,0.79,329,,,,0.4922048998
2425,U,0,0.87,330,,,,0.4922048998
2426,G,0.06293771558,0.87,331,,,,Infinity
2427,U,0.06293771558,0.8,332,,,,Infinity
2428,G,0.06293771558,0.66,333,,,,Infinity
2429,G,0.0003736920777,0.38,334,,,,432.2095358
2430,G,0.0003736920777,0.35,335,,,,432.2095358
2431,C,0.0003736920777,0.15,336,,,,432.2095358
2432,G,0.01086956522,0.27,337,,,,Infinity
2433,A,0.01086956522,0.25,338,,,,Infinity
2434,U,0.01086956522,0.33,339,,,,Infinity
2435,G,0.01973866965,0.33,340,,,,Infinity
2436,C,0.01973866965,0.49,341,,,,Infinity
2437,A,0.01973866965,0.56,342,,,,Infinity
2438,U,0.0141025641,0.53,343,,,,113.4874414
2439,A,0.0141025641,0.21,344,,,,113.4874414
2440,U,0.0141025641,0.44,345,,,,113.4874414
2441,U,0.008336805716,0.65,346,,,,171.5578117
2442,U,0.008336805716,0.65,347,,,,171.5578117
2443,U,0.008336805716,0.63,348,,,,171.5578117
2444,U,0.04902414684,0.69,349,,,,0.02275504159
2445,C,0.04902414684,0.51,350,,,,0.02275504159
2446,A,0.04902414684,0.17,351,,,,0.02275504159
2447,G,0.8411295624,0.29,352,,,,32.88458511
2448,U,0.8411295624,0.28,353,,,,32.88458511
2449,U,0.8411295624,0.18,354,,,,32.88458511
2450,C,0.002232142857,0.17,355,,,,2.009360139
2451,C,0.002232142857,0.23,356,,,,2.009360139
2452,C,0.002232142857,0.66,357,,,,2.009360139
2453,U,0,0.83,358,,,,11.1099187
2454,U,0,0.79,359,,,,11.1099187
2455,A,0,0.57,360,,,,11.1099187
2456,G,0.1464932127,0.48,361,,,,1.697684007
2457,A,0.1464932127,0.46,362,,,,1.697684007
2458,U,0.1464932127,0.44,363,,,,1.697684007
2459,A,0.9038881614,0.07,365,,,,0.3141950881
2460,A,0.9038881614,0.18,366,,,,0.3141950881
2461,A,0.9038881614,0.27,367,,,,0.3141950881
2462,G,0.3880857806,0.26,368,,,,1139.087613
2463,A,0.3880857806,0.34,,,,,1139.087613
2464,C,0.3880857806,0.85,369,,,,1139.087613
2465,U,0.0009016301125,0.78,370,,,,46.77877269
2466,U,0.0009016301125,0.31,371,,,,46.77877269
2467,C,0.0009016301125,0.02,372,,,,46.77877269
2468,A,0.0004714277013,0.04,373,,,,176.1602872
2469,G,0.0004714277013,0.06,374,,,,176.1602872
2470,G,0.0004714277013,0.4,375,,,,176.1602872
2471,A,0.003003125362,0.45,376,,,,Infinity
2472,A,0.003003125362,0.27,377,,,,Infinity
2473,G,0.003003125362,0.28,378,,,,Infinity
2474,U,0.0004770992366,0.24,379,,,,104.7258524
2475,A,0.0004770992366,0.1,380,,,,104.7258524
2476,U,0.0004770992366,0.02,381,,,,104.7258524
2477,A,0.02307264984,0.04,382,,,,73.77557742
2478,C,0.02307264984,0.1,383,,,,73.77557742
2479,U,0.02307264984,0.12,384,,,,73.77557742
2480,G,0.004587155963,0.1,385,,,,33.82510975
2481,C,0.004587155963,0.03,386,,,,33.82510975
2482,A,0.004587155963,0.2,387,,,,33.82510975
2483,U,0.0003434781381,0.26,388,,,,272.5521812
2484,U,0.0003434781381,0.21,389,,,,272.5521812
2485,U,0.0003434781381,0.09,390,,,,272.5521812
2486,A,0.002118644068,0.19,391,,,,17.18219204
2487,C,0.002118644068,0.23,392,,,,17.18219204
2488,C,0.002118644068,0.09,393,,,,17.18219204
2489,A,0.03850733812,0.36,394,,,,Infinity
2490,U,0.03850733812,0.51,395,,,,Infinity
2491,A,0.03850733812,0.29,396,,,,Infinity
2492,C,0,0.4,397,,,,19.20191686
2493,C,0,0.45,398,,,,19.20191686
2494,U,0,0.47,399,,,,19.20191686
2495,A,0.01255486111,0.22,400,,,,0.1461270171
2496,G,0.01255486111,0.74,401,,,,0.1461270171
2497,U,0.01255486111,0.86,402,,,,0.1461270171
2498,A,10.37887958,0.29,403,,,,4.375929861
2499,U,10.37887958,0.2,404,,,,4.375929861
2500,A,10.37887958,0.29,405,,,,4.375929861
2501,A,0.001802884615,0.27,406,,,,106.4627744
2502,A,0.001802884615,0.42,407,,,,106.4627744
2503,C,0.001802884615,0.41,408,,,,106.4627744
2504,A,0.01442307692,0.26,409,,,,Infinity
2505,A,0.01442307692,0.11,410,,,,Infinity
2506,U,0.01442307692,0.36,411,,,,Infinity
2507,G,0.05480224116,0.33,412,,,,0.9312458338
2508,A,0.05480224116,0.12,413,,,,0.9312458338
2509,G,0.05480224116,0.06,414,,,,0.9312458338
2510,A,0.269187606,0.11,415,,,,Infinity
2511,C,0.269187606,0.09,416,,,,Infinity
2512,A,0.269187606,0.11,417,,,,Infinity
2513,C,0.009433962264,0.12,418,,,,Infinity
2514,C,0.009433962264,0.14,419,,,,Infinity
2515,A,0.009433962264,0.37,420,,,,Infinity
2516,G,0.001204819277,0.56,421,,,,0.8484078651
2517,G,0.001204819277,0.59,422,,,,0.8484078651
2518,G,0.001204819277,0.42,423,,,,0.8484078651
2519,A,0.4601502048,0.49,424,,,,1.235829296
2520,U,0.4601502048,0.51,425,,,,1.235829296
2521,U,0.4601502048,0.18,426,,,,1.235829296
2522,A,0,0.22,427,,,,87.00303734
2523,G,0,0.21,428,,,,87.00303734
2524,A,0,0.29,429,,,,87.00303734
2525,U,0.003144654088,0.52,430,,,,8.415585201
2526,A,0.003144654088,0.44,431,,,,8.415585201
2527,U,0.003144654088,0.1,432,,,,8.415585201
2528,C,0.01701570681,0.07,433,,,,Infinity
2529,A,0.01701570681,0.1,434,,,,Infinity
2530,G,0.01701570681,0.09,435,,,,Infinity
2531,U,0,0.45,436,,,,232.6021507
2532,A,0,0.43,437,,,,232.6021507
2533,C,0,0.18,438,,,,232.6021507
2534,A,0.004807692308,0.11,439,,,,Infinity
2535,A,0.004807692308,0.11,440,,,,Infinity
2536,U,0.004807692308,0.21,441,,,,Infinity
2537,G,0,0.41,442,,,,6.123891364
2538,U,0,0.5,443,,,,6.123891364
2539,G,0,0.3,444,,,,6.123891364
2540,C,0.004307911394,0.5,445,,,,Infinity
2541,U,0.004307911394,0.55,446,,,,Infinity
2542,U,0.004307911394,0.12,447,,,,Infinity
2543,C,0,0.52,448,,,,9.256120601
2544,C,0,0.56,449,,,,9.256120601
2545,A,0,0.66,450,,,,9.256120601
2546,C,0.0242883315,0.27,451,,,,Infinity
2547,A,0.0242883315,0.23,452,,,,Infinity
2548,G,0.0242883315,0.08,453,,,,Infinity
2549,G,0.004672031898,0.25,454,,,,Infinity
2550,G,0.004672031898,0.93,455,,,,Infinity
2551,A,0.004672031898,0.92,456,,,,Infinity
2552,U,Infinity,0.94,457,,,,0.4999825713
2553,G,Infinity,0.86,458,,,,0.4999825713
2554,G,Infinity,0.82,459,,,,0.4999825713
2555,A,0,0.58,460,,,,50.6496362
2556,A,0,0.37,461,,,,50.6496362
2557,A,0,0.25,462,,,,50.6496362
2558,G,0.003703360779,0.44,463,,,,90.84334301
2559,G,0.003703360779,0.38,464,,,,90.84334301
2560,A,0.003703360779,0.31,465,,,,90.84334301
2561,U,0,0.46,466,,,,Infinity
2562,C,0,0.27,467,,,,Infinity
2563,A,0,0.1,468,,,,Infinity
2564,C,0.06520531476,0.39,469,,,,7.059946843
2565,C,0.06520531476,0.41,470,,,,7.059946843
2566,A,0.06520531476,0.24,471,,,,7.059946843
2567,G,0.1481481481,0.17,472,,,,4.246891053
2568,C,0.1481481481,0.14,473,,,,4.246891053
2569,A,0.1481481481,0.12,474,,,,4.246891053
2570,A,0.05130036775,0.26,475,,,,Infinity
2571,U,0.05130036775,0.47,476,,,,Infinity
2572,A,0.05130036775,0.66,477,,,,Infinity
2573,U,0,0.84,478,,,,264.1849334
2574,U,0,0.73,479,,,,264.1849334
2575,C,0,0.57,480,,,,264.1849334
2576,C,0.00E+00,0.55,481,,,,35.204853
2577,A,0.00E+00,0.53,482,,,,35.204853
2578,G,0.00E+00,0.58,483,,,,35.204853
2579,U,1.088017509,0.62,484,,,,7.652838113
2580,G,1.088017509,0.66,485,,,,7.652838113
2581,U,1.088017509,0.86,486,,,,7.652838113
2582,A,0.05262785952,0.78,487,,,,121.4508112
2583,G,0.05262785952,0.65,488,,,,121.4508112
2584,C,0.05262785952,0.47,489,,,,121.4508112
2585,A,Infinity,0.55,490,,,,1.562133849
2586,U,Infinity,0.63,491,,,,1.562133849
2587,G,Infinity,0.65,492,,,,1.562133849
2588,A,1.134172106,0.66,493,,,,8.851186692
2589,C,1.134172106,0.49,494,,,,8.851186692
2590,A,1.134172106,0.43,495,,,,8.851186692
2591,A,0.1913122714,0.42,496,,,,6.046794837
2592,A,0.1913122714,0.35,497,,,,6.046794837
2593,A,0.1913122714,0.3,498,,,,6.046794837
2594,A,0.00835774133,0.4,499,,,,1.566193096
2595,U,0.00835774133,0.63,500,,,,1.566193096
2596,C,0.00835774133,0.56,501,,,,1.566193096
2597,U,0,0.71,502,,,,3.154320907
2598,U,0,0.67,503,,,,3.154320907
2599,A,0,0.88,504,,,,3.154320907
2600,G,0.1330847119,0.76,505,,,,15.49129643
2601,A,0.1330847119,0.39,506,,,,15.49129643
2602,G,0.1330847119,0.2,507,,,,15.49129643
2603,C,0.01507537688,0.17,508,,,,Infinity
2604,C,0.01507537688,0.22,509,,,,Infinity
2605,U,0.01507537688,0.58,510,,,,Infinity
2606,U,0.02319031429,0.78,511,,,,229.9440881
2607,U,0.02319031429,0.62,512,,,,229.9440881
2608,U,0.02319031429,0.75,513,,,,229.9440881
2609,A,0.03038040762,0.69,514,,,,0.4056278511
2610,G,0.03038040762,0.45,515,,,,0.4056278511
2611,A,0.03038040762,0.18,516,,,,0.4056278511
2612,A,0.1128306628,0,517,,,,10.79579784
2613,A,0.1128306628,0,518,,,,10.79579784
2614,A,0.1128306628,0.3,519,,,,10.79579784
2615,C,0.2168574321,0.34,520,,,,Infinity
2616,A,0.2168574321,0.31,521,,,,Infinity
2617,A,0.2168574321,0.51,522,,,,Infinity
2618,A,0.0137987013,0.61,523,,,,4.155250288
2619,A,0.0137987013,0.55,524,,,,4.155250288
2620,U,0.0137987013,0.16,525,,,,4.155250288
2621,C,0.2433642671,0.04,526,,,,0.174634664
2622,C,0.2433642671,0.02,527,,,,0.174634664
2623,A,0.2433642671,0.02,528,,,,0.174634664
2624,G,0.5913392331,0.02,529,,,,1.779769534
2625,A,0.5913392331,0.14,530,,,,1.779769534
2626,C,0.5913392331,0.76,531,,,,1.779769534
2627,A,6.298995901,0.89,532,,,,0.1881084591
2628,U,6.298995901,0.83,533,,,,0.1881084591
2629,A,6.298995901,0.07,534,,,,0.1881084591
2630,G,0.06148052878,0.09,535,,,,43.75932007
2631,U,0.06148052878,0.71,536,,,,43.75932007
2632,C,0.06148052878,0.83,537,,,,43.75932007
2633,A,0.02146685193,0.92,538,,,,10.69863998
2634,U,0.02146685193,0.93,539,,,,10.69863998
2635,C,0.02146685193,0.39,540,,,,10.69863998
2636,U,0.1509493345,0.4,541,,,,Infinity
2637,A,0.1509493345,0.4,542,,,,Infinity
2638,U,0.1509493345,0.38,543,,,,Infinity
2639,C,0,0.52,544,,,,Infinity
2640,A,0,0.47,545,,,,Infinity
2641,A,0,0.85,546,,,,Infinity
2642,U,0,0.98,547,,,,0.1871018673
2643,A,0,0.95,548,,,,0.1871018673
2644,C,0,0.01,549,,,,0.1871018673
2645,A,1.906587788,0.08,550,,,,Infinity
2646,U,1.906587788,0.62,551,,,,Infinity
2647,G,1.906587788,0.67,552,,,,Infinity
2648,G,0,0.59,553,,,,Infinity
2649,A,0,0.85,554,,,,Infinity
2650,U,0,0.94,555,,,,Infinity
2651,G,0.0004480286738,0.86,556,,,,0.6484256292
2652,A,0.0004480286738,0.66,557,,,,0.6484256292
2653,U,0.0004480286738,0.07,558,,,,0.6484256292
2654,U,0,0.28,559,,,,1.771835475
2655,U,0,0.29,560,,,,1.771835475
2656,G,0,0.15,561,,,,1.771835475
2657,U,0.536290988,0.87,562,,,,0.1850530467
2658,A,0.536290988,0.88,563,,,,0.1850530467
2659,U,0.536290988,0.9,564,,,,0.1850530467
2660,G,0.2244795682,0.87,565,,,,0.4947773668
2661,U,0.2244795682,0.82,566,,,,0.4947773668
2662,A,0.2244795682,0.06,567,,,,0.4947773668
2663,G,0.33362992,0.05,568,,,,91.65694442
2664,G,0.33362992,0.02,569,,,,91.65694442
2665,A,0.33362992,0.02,570,,,,91.65694442
2666,U,0.008980372691,0.33,571,,,,20.19208837
2667,C,0.008980372691,0.36,572,,,,20.19208837
2668,U,0.008980372691,0.77,573,,,,20.19208837
2669,G,0.001479289941,0.58,574,,,,1.520561142
2670,A,0.001479289941,0.33,575,,,,1.520561142
2671,C,0.001479289941,0.35,576,,,,1.520561142
2672,U,0.01185191235,0.52,577,,,,1.134430992
2673,U,0.01185191235,0.52,578,,,,1.134430992
2674,A,0.01185191235,0.41,579,,,,1.134430992
2675,G,0.113229443,0.1,580,,,,3.256568425
2676,A,0.113229443,0.09,581,,,,3.256568425
2677,A,0.113229443,0.01,582,,,,3.256568425
2678,A,1.39446758,0.05,583,,,,0.1593168204
2679,U,1.39446758,0.47,584,,,,0.1593168204
2680,A,1.39446758,0.68,585,,,,0.1593168204
2681,G,0.5485381451,0.61,586,,,,7.494086171
2682,G,0.5485381451,0.62,587,,,,7.494086171
2683,G,0.5485381451,0.58,588,,,,7.494086171
2684,C,0.03654175306,0.64,589,,,,Infinity
2685,A,0.03654175306,0.61,590,,,,Infinity
2686,G,0.03654175306,0.84,591,,,,Infinity
2687,C,0,0.88,592,,,,38.00180001
2688,A,0,0.91,593,,,,38.00180001
2689,U,0,0.97,594,,,,38.00180001
2690,A,0.01242088144,0.81,595,,,,0.02042424743
2691,G,0.01242088144,0.05,596,,,,0.02042424743
2692,A,0.01242088144,0.05,597,,,,0.02042424743
2693,A,11.50683024,0.03,598,,,,6.265106809
2694,C,11.50683024,0.05,599,,,,6.265106809
2695,A,11.50683024,0.16,600,,,,6.265106809
2696,A,0.0423612208,0.24,601,,,,0.08039616723
2697,A,0.0423612208,0.16,602,,,,0.08039616723
2698,A,0.0423612208,0.08,603,,,,0.08039616723
2699,A,2.324830611,0.1,604,,,,0.09558878819
2700,U,2.324830611,0.29,605,,,,0.09558878819
2701,A,2.324830611,0.3,606,,,,0.09558878819
2702,G,0.0469243104,0.25,607,,,,2.221839291
2703,A,0.0469243104,0.13,608,,,,2.221839291
2704,G,0.0469243104,0.1,609,,,,2.221839291
2705,G,0.1100217865,0.07,610,,,,0.2125188121
2706,A,0.1100217865,0.04,611,,,,0.2125188121
2707,A,0.1100217865,0.08,612,,,,0.2125188121
2708,C,0,0.21,613,,,,0.01364167551
2709,U,0,0.23,614,,,,0.01364167551
2710,G,0,0.18,615,,,,0.01364167551
2711,A,0.01271805952,0.29,616,,,,6.238978341
2712,G,0.01271805952,0.31,617,,,,6.238978341
2713,A,0.01271805952,0.27,618,,,,6.238978341
2714,C,0.49107607,0.03,619,,,,0.6369054325
2715,A,0.49107607,0.05,620,,,,0.6369054325
2716,A,0.49107607,0.22,621,,,,0.6369054325
2717,C,0.0890002865,0.22,622,,,,0.1417579012
2718,A,0.0890002865,0.09,623,,,,0.1417579012
2719,U,0.0890002865,0.43,624,,,,0.1417579012
2720,C,0.003261436953,0.67,625,,,,0.2929381151
2721,U,0.003261436953,0.64,626,,,,0.2929381151
2722,G,0.003261436953,0.04,627,,,,0.2929381151
2723,U,0.2530855968,0.06,628,,,,0.2258676784
2724,U,0.2530855968,0.08,629,,,,0.2258676784
2725,G,0.2530855968,0.03,630,,,,0.2258676784
2726,A,1.336123927,0.19,631,,,,458.6236091
2727,G,1.336123927,0.2,632,,,,458.6236091
2728,G,1.336123927,0.14,633,,,,458.6236091
2729,U,Infinity,0.99,634,,,,Infinity
2730,G,Infinity,0.94,635,,,,Infinity
2731,G,Infinity,0.89,636,,,,Infinity
2732,G,0,0.23,637,,,,0.3204184569
2733,G,0,0.22,638,,,,0.3204184569
2734,A,0,0.04,639,,,,0.3204184569
2735,U,0.3316724024,0.04,640,,,,4.944067303
2736,U,0.3316724024,0.02,641,,,,4.944067303
2737,U,0.3316724024,0.01,642,,,,4.944067303
2738,A,3.319397892,0.01,643,,,,53.48731352
2739,C,3.319397892,0.16,644,,,,53.48731352
2740,C,3.319397892,0.16,645,,,,53.48731352
2741,A,0.01336527069,0.02,646,,,,Infinity
2742,C,0.01336527069,0.07,647,,,,Infinity
2743,A,0.01336527069,0.07,648,,,,Infinity
2744,C,0.02271885626,0.87,649,,,,9.647234229
2745,C,0.02271885626,0.9,650,,,,9.647234229
2746,A,0.02271885626,0.86,651,,,,9.647234229
2747,G,0.0288069184,0.15,652,,,,1.062304118
2748,A,0.0288069184,0.15,653,,,,1.062304118
2749,C,0.0288069184,0,654,,,,1.062304118
2750,A,0.1928593193,0,655,,,,Infinity
2751,A,0.1928593193,0,656,,,,Infinity
2752,A,0.1928593193,0,657,,,,Infinity
2753,A,0.000365497076,0,658,,,,1.065594059
2754,A,0.000365497076,0,659,,,,1.065594059
2755,A,0.000365497076,0,660,,,,1.065594059
2756,C,0.07681770981,0.48,661,,,,Infinity
2757,A,0.07681770981,0.68,662,,,,Infinity
2758,U,0.07681770981,0.95,663,,,,Infinity
2759,C,0,0.7,664,,,,2.57357402
2760,A,0,0.69,665,,,,2.57357402
2761,G,0,0.57,666,,,,2.57357402
2762,A,0.02679434184,0.27,667,,,,5.142272708
2763,A,0.02679434184,0.07,668,,,,5.142272708
2764,A,0.02679434184,0.12,669,,,,5.142272708
2765,G,0.01692585915,0.28,670,,,,Infinity
2766,A,0.01692585915,0.17,671,,,,Infinity
2767,A,0.01692585915,0.15,672,,,,Infinity
2768,C,0.02770124568,0.15,673,,,,603.9914904
2769,C,0.02770124568,0.03,674,,,,603.9914904
2770,U,0.02770124568,0.98,675,,,,603.9914904
2771,C,0.003447637332,0.99,676,,,,2.244070619
2772,C,0.003447637332,0.98,677,,,,2.244070619
2773,A,0.003447637332,0.93,678,,,,2.244070619
2774,U,0.004273945225,0.96,679,,,,15.92804801
2775,U,0.004273945225,0.97,680,,,,15.92804801
2776,C,0.004273945225,0.96,681,,,,15.92804801
2777,C,0.3490709621,0.96,682,,,,Infinity
2778,U,0.3490709621,0.96,683,,,,Infinity
2779,U,0.3490709621,0.96,684,,,,Infinity
2780,U,Infinity,0.92,685,,,,0.04166061867
2781,G,Infinity,0.89,686,,,,0.04166061867
2782,G,Infinity,0.98,687,,,,0.04166061867
2783,A,Infinity,0.98,688,,,,Infinity
2784,U,Infinity,0.98,689,,,,Infinity
2785,G,Infinity,0.97,690,,,,Infinity
2786,G,0.001149425287,0.84,691,,,,181.3165069
2787,G,0.001149425287,0.64,692,,,,181.3165069
2788,U,0.001149425287,0.38,693,,,,181.3165069
2789,U,0.046875,0.27,694,,,,Infinity
2790,A,0.046875,0.02,695,,,,Infinity
2791,U,0.046875,0.03,696,,,,Infinity
2792,G,0,0.03,697,,,,8.625
2793,A,0,0.01,698,,,,8.625
2794,A,0,0.26,699,,,,8.625
2795,C,0.01487250276,0.35,700,,,,45.51656893
2796,U,0.01487250276,0.63,701,,,,45.51656893
2797,C,0.01487250276,0.83,702,,,,45.51656893
2798,C,0.006760980023,0.98,703,,,,68.75889225
2799,A,0.006760980023,0.99,704,,,,68.75889225
2800,U,0.006760980023,1,705,,,,68.75889225
2801,C,0.009900990099,0.98,706,,,,6.046248984
2802,C,0.009900990099,0.91,707,,,,6.046248984
2803,U,0.009900990099,0.06,708,,,,6.046248984
2804,G,0.01767040342,0.06,709,,,,Infinity
2805,A,0.01767040342,0.03,710,,,,Infinity
2806,U,0.01767040342,0.01,711,,,,Infinity
2807,A,0.06531022431,0.03,712,,,,Infinity
2808,A,0.06531022431,0.04,713,,,,Infinity
2809,A,0.06531022431,0.04,714,,,,Infinity
2810,U,Infinity,0.87,715,,,,0.1841731545
2811,G,Infinity,0.95,716,,,,0.1841731545
2812,G,Infinity,0.92,717,,,,0.1841731545
2813,A,0.02082947555,0.03,718,,,,1.561456728
2814,C,0.02082947555,0.93,719,,,,1.561456728
2815,A,0.02082947555,0.99,720,,,,1.561456728
2816,G,0.02097876319,0.99,721,,,,135.523108
2817,U,0.02097876319,0.98,722,,,,135.523108
2818,A,0.02097876319,0.93,723,,,,135.523108
2819,C,0.01231286423,0.86,724,,,,2.505675494
2820,A,0.01231286423,0.02,725,,,,2.505675494
2821,G,0.01231286423,0.03,726,,,,2.505675494
2822,C,0.1042989716,0.02,727,,,,2.716868688
2823,C,0.1042989716,0.02,728,,,,2.716868688
2824,U,0.1042989716,0.02,729,,,,2.716868688
2825,A,0.1432655654,0.01,730,,,,0.04526849998
2826,U,0.1432655654,0.03,731,,,,0.04526849998
2827,A,0.1432655654,0.03,732,,,,0.04526849998
2828,G,2.350242138,0.87,733,,,,0.7021392709
2829,U,2.350242138,0.94,734,,,,0.7021392709
2830,G,2.350242138,0.96,735,,,,0.7021392709
2831,C,0,0.98,736,,,,Infinity
2832,U,0,0.99,737,,,,Infinity
2833,G,0,0.94,738,,,,Infinity
2834,C,0.03508447054,0.92,739,,,,0.1673490563
2835,C,0.03508447054,0.97,740,,,,0.1673490563
2836,A,0.03508447054,0.91,741,,,,0.1673490563
2837,G,0.4668509532,0.03,742,,,,36.52070914
2838,A,0.4668509532,0.02,743,,,,36.52070914
2839,A,0.4668509532,0.88,744,,,,36.52070914
2840,A,0.002029481576,0.92,745,,,,40.21316866
2841,A,0.002029481576,0.94,746,,,,40.21316866
2842,G,0.002029481576,0.96,747,,,,40.21316866
2843,G,0.07241870015,0.96,748,,,,5.191959847
2844,A,0.07241870015,0.96,749,,,,5.191959847
2845,C,0.07241870015,0.96,750,,,,5.191959847
2846,A,0.2070995133,0.03,751,,,,Infinity
2847,G,0.2070995133,0.02,752,,,,Infinity
2848,C,0.2070995133,0.03,753,,,,Infinity
2849,U,Infinity,0.94,754,,,,Infinity
2850,G,Infinity,0.98,755,,,,Infinity
2851,G,Infinity,0.98,756,,,,Infinity
2852,A,0,0.95,757,,,,0
2853,C,0,0.57,758,,,,0
2854,U,0,0.75,759,,,,0
2855,G,0.007575056138,0.68,760,,,,0.006060168039
2856,U,0.007575056138,0.66,761,,,,0.006060168039
2857,C,0.007575056138,0.4,762,,,,0.006060168039
2858,A,0.03572916736,0.25,763,,,,0.05000812172
2859,A,0.03572916736,0.55,764,,,,0.05000812172
2860,U,0.03572916736,0.94,765,,,,0.05000812172
2861,G,0,0.95,766,,,,0.0003602305476
2862,A,0,0.93,767,,,,0.0003602305476
2863,C,0,0.92,768,,,,0.0003602305476
2864,A,0.5742888924,0.92,769,,,,0.5897268337
2865,U,0.5742888924,0.92,770,,,,0.5897268337
2866,A,0.5742888924,0.93,771,,,,0.5897268337
2867,C,0.001316337745,0.76,772,,,,Infinity
2868,A,0.001316337745,0.61,773,,,,Infinity
2869,G,0.001316337745,0.19,774,,,,Infinity
2870,A,0.0002287526693,0.17,775,,,,Infinity
2871,A,0.0002287526693,0.23,776,,,,Infinity
2872,A,0.0002287526693,0.23,777,,,,Infinity
2873,U,0.003865513773,0.61,778,,,,2.295912571
2874,U,0.003865513773,0.72,779,,,,2.295912571
2875,A,0.003865513773,0.69,780,,,,2.295912571
2876,G,0.262072017,0.78,781,,,,0.1345262881
2877,U,0.262072017,0.71,782,,,,0.1345262881
2878,G,0.262072017,0.54,783,,,,0.1345262881
2879,G,0.01086553995,0.53,784,,,,Infinity
2880,G,0.01086553995,0.46,785,,,,Infinity
2881,A,0.01086553995,0.46,786,,,,Infinity
2882,A,0,0.57,787,,,,13.58795051
2883,A,0,0.6,788,,,,13.58795051
2884,A,0,0.72,789,,,,13.58795051
2885,U,0,0.81,790,,,,0.141350211
2886,U,0,0.95,791,,,,0.141350211
2887,G,0,0.66,792,,,,0.141350211
2888,A,0,0.57,793,,,,0
2889,A,0,0.57,794,,,,0
2890,U,0,0.67,795,,,,0
2891,U,Infinity,0.85,796,,,,Infinity
2892,G,Infinity,0.59,797,,,,Infinity
2893,G,Infinity,0.44,798,,,,Infinity
2894,G,0,0.25,799,,,,Infinity
2895,C,0,0.23,800,,,,Infinity
2896,A,0,0.25,801,,,,Infinity
2897,A,0.001042100715,0.41,802,,,,9.286107371
2898,G,0.001042100715,0.48,803,,,,9.286107371
2899,U,0.001042100715,0.62,804,,,,9.286107371
2900,C,0,0.65,805,,,,Infinity
2901,A,0,0.54,806,,,,Infinity
2902,G,0,0.56,807,,,,Infinity
2903,A,0,0.44,808,,,,Infinity
2904,U,0,0.79,809,,,,Infinity
2905,U,0,0.91,810,,,,Infinity
2906,U,0.0002450980392,0.91,811,,,,34.55038515
2907,A,0.0002450980392,0.77,812,,,,34.55038515
2908,U,0.0002450980392,0.6,813,,,,34.55038515
2909,G,37.36917018,0.56,814,,,,0.5240696231
2910,C,37.36917018,0.58,815,,,,0.5240696231
2911,A,37.36917018,0.89,816,,,,0.5240696231
2912,G,0.001319139064,0.9,817,,,,9.062398143
2913,G,0.001319139064,0.89,818,,,,9.062398143
2914,G,0.001319139064,0.9,819,,,,9.062398143
2915,A,0.01039703272,0.49,820,,,,28.33525894
2916,U,0.01039703272,0.84,821,,,,28.33525894
2917,U,0.01039703272,0.81,822,,,,28.33525894
2918,A,0.05402277261,0.2,823,,,,Infinity
2919,A,0.05402277261,0.09,824,,,,Infinity
2920,A,0.05402277261,0.1,825,,,,Infinity
2921,G,0.9425789475,0.45,826,,,,0.05336820447
2922,U,0.9425789475,0.55,827,,,,0.05336820447
2923,A,0.9425789475,0.74,828,,,,0.05336820447
2924,A,0.9212212538,0.9,829,,,,0.9633261578
2925,G,0.9212212538,0.78,830,,,,0.9633261578
2926,G,0.9212212538,0.58,831,,,,0.9633261578
2927,C,0.1302737704,0.64,832,,,,0.9065828827
2928,A,0.1302737704,0.62,833,,,,0.9065828827
2929,A,0.1302737704,0.52,834,,,,0.9065828827
2930,U,0.0061044356,0.84,835,,,,0.1246483388
2931,U,0.0061044356,0.86,836,,,,0.1246483388
2932,A,0.0061044356,0.61,837,,,,0.1246483388
2933,U,0,0.78,838,,,,0.006814517574
2934,G,0,0.73,839,,,,0.006814517574
2935,U,0,0.56,840,,,,0.006814517574
2936,A,0.1014501712,0.56,841,,,,0
2937,A,0.1014501712,0.71,842,,,,0
2938,A,0.1014501712,0.5,843,,,,0
2939,C,0.01231223882,0.64,844,,,,0.09938608059
2940,U,0.01231223882,0.93,845,,,,0.09938608059
2941,U,0.01231223882,0.94,846,,,,0.09938608059
2942,C,1.086060887,0.94,847,,,,0.01211955119
2943,U,1.086060887,0.96,848,,,,0.01211955119
2944,U,1.086060887,0.15,849,,,,0.01211955119
2945,A,0.0727733536,0.16,850,,,,1.087871481
2946,G,0.0727733536,0.61,851,,,,1.087871481
2947,G,0.0727733536,0.61,852,,,,1.087871481
2948,G,0.002731734498,0.64,853,,,,0.07539170688
2949,G,0.002731734498,0.21,854,,,,0.07539170688
2950,A,0.002731734498,0.18,855,,,,0.07539170688
2951,A,2.15841327,0.13,856,,,,0.002438626918
2952,C,2.15841327,0.28,857,,,,0.002438626918
2953,C,2.15841327,0.31,858,,,,0.002438626918
2954,A,0.001595384317,0.3,859,,,,2.142714139
2955,A,0.001595384317,0.28,860,,,,2.142714139
2956,A,0.001595384317,0.06,861,,,,2.142714139
2957,G,1.26235613,0.1,862,,,,0.00140527612
2958,C,1.26235613,0.1,863,,,,0.00140527612
2959,A,1.26235613,0.26,864,,,,0.00140527612
2960,C,0.001684038611,0.9,865,,,,1.317347692
2961,U,0.001684038611,0.81,866,,,,1.317347692
2962,A,0.001684038611,0.42,867,,,,1.317347692
2963,A,0,0.2,868,,,,0.001549342555
2964,C,0,0.55,869,,,,0.001549342555
2965,A,0,0.57,870,,,,0.001549342555
2966,G,0.09499148821,0.15,871,,,,0.06469520188
2967,A,0.09499148821,0.06,872,,,,0.06469520188
2968,A,0.09499148821,0.07,873,,,,0.06469520188
2969,G,1.342448711,0.2,874,,,,0.09959498262
2970,U,1.342448711,0.86,875,,,,0.09959498262
2971,A,1.342448711,0.91,876,,,,0.09959498262
2972,G,5.940670397,0.91,877,,,,1.353155468
2973,U,5.940670397,0.85,878,,,,1.353155468
2974,A,5.940670397,0.1,879,,,,1.353155468
2975,C,0.7729890878,0.01,880,,,,5.997816994
2976,C,0.7729890878,0.01,881,,,,5.997816994
2977,A,0.7729890878,0.06,882,,,,5.997816994
2978,C,0.01070631778,0.5,883,,,,0.7585397396
2979,U,0.01070631778,0.61,884,,,,0.7585397396
2980,A,0.01070631778,0.32,885,,,,0.7585397396
2981,A,0.6917363502,0.04,886,,,,0.01067945593
2982,C,0.6917363502,0.04,887,,,,0.01067945593
2983,A,0.6917363502,0.81,888,,,,0.01067945593
2984,G,3.163427295,0.91,889,,,,0.6775914368
2985,A,3.163427295,0.74,890,,,,0.6775914368
2986,A,3.163427295,0.06,891,,,,0.6775914368
2987,G,0.004977237495,0.06,892,,,,Infinity
2988,A,0.004977237495,0.01,893,,,,Infinity
2989,A,0.004977237495,0.02,894,,,,Infinity
2990,G,0.02499537066,0.01,895,,,,57.08877809
2991,C,0.02499537066,0.01,896,,,,57.08877809
2992,A,0.02499537066,0.02,897,,,,57.08877809
2993,G,0.003387533875,0.02,898,,,,Infinity
2994,A,0.003387533875,0.02,899,,,,Infinity
2995,G,0.003387533875,0.75,900,,,,Infinity
2996,C,0.1442003661,0.95,901,,,,Infinity
2997,U,0.1442003661,0.95,902,,,,Infinity
2998,A,0.1442003661,0.4,903,,,,Infinity
2999,G,0.007820638963,0.4,904,,,,Infinity
3000,A,0.007820638963,0.04,905,,,,Infinity
3001,A,0.007820638963,0.74,906,,,,Infinity
3002,C,0.004729865402,0.97,907,,,,Infinity
3003,U,0.004729865402,0.98,908,,,,Infinity
3004,G,0.004729865402,0.68,909,,,,Infinity
3005,G,0.3857979988,0.07,910,,,,0.1420576288
3006,C,0.3857979988,0.06,911,,,,0.1420576288
3007,A,0.3857979988,0.06,912,,,,0.1420576288
3008,G,0.00106427307,0.06,913,,,,0.006072191019
3009,A,0.00106427307,0.05,914,,,,0.006072191019
3010,A,0.00106427307,0.06,915,,,,0.006072191019
3011,A,0,0.05,916,,,,0.005384872082
3012,A,0,0.04,917,,,,0.005384872082
3013,C,0,0.04,918,,,,0.005384872082
3014,A,0.008309709443,0.04,919,,,,0.3871782021
3015,G,0.008309709443,0.19,920,,,,0.3871782021
3016,G,0.008309709443,0.2,921,,,,0.3871782021
3017,G,0.0003753511094,0.03,922,,,,0.0006345177665
3018,A,0.0003753511094,0.02,923,,,,0.0006345177665
3019,G,0.0003753511094,0.11,924,,,,0.0006345177665
3020,A,0.6145827148,0.18,925,,,,0
3021,U,0.6145827148,0.8,926,,,,0
3022,U,0.6145827148,0.97,927,,,,0
3023,C,0.03961471956,0.93,928,,,,0.009170222337
3024,U,0.03961471956,0.64,929,,,,0.009170222337
3025,A,0.03961471956,0.15,930,,,,0.009170222337
3026,A,0.2719126081,0.11,931,,,,0.0004824147051
3027,A,0.2719126081,0.11,932,,,,0.0004824147051
3028,A,0.2719126081,0.04,933,,,,0.0004824147051
3029,G,0.09176775828,0.23,934,,,,0.7333337412
3030,A,0.09176775828,0.23,935,,,,0.7333337412
3031,A,0.09176775828,0.13,936,,,,0.7333337412
3032,C,0.01149214752,0.19,937,,,,0.03879419592
3033,C,0.01149214752,0.27,938,,,,0.03879419592
3034,G,0.01149214752,0.18,939,,,,0.03879419592
3035,G,0.03389267863,0.37,940,,,,0.3003087049
3036,U,0.03389267863,0.45,941,,,,0.3003087049
3037,A,0.03389267863,0.34,942,,,,0.3003087049
3038,C,0.08039062655,0.24,943,,,,0.09162209087
3039,A,0.08039062655,0.33,944,,,,0.09162209087
3040,U,0.08039062655,0.54,945,,,,0.09162209087
3041,G,0.001052534116,0.47,946,,,,0.01066559476
3042,G,0.001052534116,0.34,947,,,,0.01066559476
3043,A,0.001052534116,0.19,948,,,,0.01066559476
3044,G,0.1805591978,0.36,949,,,,0.0375194101
3045,U,0.1805591978,0.31,950,,,,0.0375194101
3046,G,0.1805591978,0.13,951,,,,0.0375194101
3047,U,0.006433823529,0.6,952,,,,0.07742516726
3048,A,0.006433823529,0.57,953,,,,0.07742516726
3049,U,0.006433823529,0.7,954,,,,0.07742516726
3050,U,0.05557870478,0.83,955,,,,0.001479098033
3051,A,0.05557870478,0.73,956,,,,0.001479098033
3052,U,0.05557870478,0.73,957,,,,0.001479098033
3053,G,0.1743951613,0.58,958,,,,0.1913015884
3054,A,0.1743951613,0.21,959,,,,0.1913015884
3055,C,0.1743951613,0.05,960,,,,0.1913015884
3056,C,0.04143926416,0.09,961,,,,0.006544502618
3057,C,0.04143926416,0.09,962,,,,0.006544502618
3058,A,0.04143926416,0.11,963,,,,0.006544502618
3059,U,5.500450119,0.24,964,,,,0.07504300733
3060,C,5.500450119,0.4,965,,,,0.07504300733
3061,A,5.500450119,0.48,966,,,,0.07504300733
3062,A,0.01118584906,0.29,967,,,,0.2243150685
3063,A,0.01118584906,0.16,968,,,,0.2243150685
3064,A,0.01118584906,0.03,969,,,,0.2243150685
3065,G,0.1806391061,0.05,970,,,,0.03983425317
3066,A,0.1806391061,0.06,971,,,,0.03983425317
3067,C,0.1806391061,0.12,972,,,,0.03983425317
3068,U,0.06799691127,0.48,973,,,,6.234609921
3069,U,0.06799691127,0.81,974,,,,6.234609921
3070,A,0.06799691127,0.52,975,,,,6.234609921
3071,A,9.791331204,0.65,976,,,,0.005434782609
3072,U,9.791331204,0.76,977,,,,0.005434782609
3073,A,9.791331204,0.68,978,,,,0.005434782609
3074,G,0.4915966387,0.32,979,,,,0.1820321804
3075,C,0.4915966387,0.3,980,,,,0.1820321804
3076,A,0.4915966387,0.2,981,,,,0.1820321804
3077,G,0.1904761905,0.16,982,,,,0.07095291515
3078,A,0.1904761905,0.17,983,,,,0.07095291515
3079,A,0.1904761905,0.22,984,,,,0.07095291515
3080,A,1.490978753,0.27,985,,,,9.118980325
3081,U,1.490978753,0.59,986,,,,9.118980325
3082,A,1.490978753,0.46,987,,,,9.118980325
3083,C,0.008376761243,0.36,988,,,,0.5178571429
3084,A,0.008376761243,0.54,989,,,,0.5178571429
3085,G,0.008376761243,0.61,990,,,,0.5178571429
3086,A,0.0006218905473,0.55,991,,,,0.199127907
3087,A,0.0006218905473,0.42,992,,,,0.199127907
3088,G,0.0006218905473,0.01,993,,,,0.199127907
3089,C,0.001382078789,0.03,994,,,,1.500495065
3090,A,0.001382078789,0.03,995,,,,1.500495065
3091,G,0.001382078789,0.01,996,,,,1.500495065
3092,G,0.3719202238,0.01,997,,,,0.009897219108
3093,G,0.3719202238,0.01,998,,,,0.009897219108
3094,G,0.3719202238,0.01,999,,,,0.009897219108
3095,C,1.065460061,0.01,1000,,,,0.0008802816901
3096,A,1.065460061,0.03,1001,,,,0.0008802816901
3097,A,1.065460061,0.86,1002,,,,0.0008802816901
3098,G,0.171080763,0.84,1003,,,,0.001597233403
3099,G,0.171080763,0.08,1004,,,,0.001597233403
3100,C,0.171080763,0.02,1005,,,,0.001597233403
3101,C,0.0006510416667,0.02,1006,,,,0.3906715852
3102,A,0.0006510416667,0.11,1007,,,,0.3906715852
3103,A,0.0006510416667,0.24,1008,,,,0.3906715852
3104,U,Infinity,0.89,1009,,,,1.093780537
3105,G,Infinity,0.79,1010,,,,1.093780537
3106,G,Infinity,0.78,1011,,,,1.093780537
3107,A,0.1329113924,0.18,1012,,,,0.1853102493
3108,C,0.1329113924,0.03,1013,,,,0.1853102493
3109,A,0.1329113924,0.31,1014,,,,0.1853102493
3110,U,0.011185888,0.53,1015,,,,0
3111,A,0.011185888,0.31,1016,,,,0
3112,U,0.011185888,0.26,1017,,,,0
3113,C,0,0.26,1018,,,,Infinity
3114,A,0,0.11,1019,,,,Infinity
3115,A,0,0.02,1020,,,,Infinity
3116,A,0.04824428734,0.28,1021,,,,0.123655914
3117,U,0.04824428734,0.42,1022,,,,0.123655914
3118,U,0.04824428734,0.23,1023,,,,0.123655914
3119,U,0.04347826087,0.37,1024,,,,0.002403846154
3120,A,0.04347826087,0.27,1025,,,,0.002403846154
3121,U,0.04347826087,0.09,1026,,,,0.002403846154
3122,C,0.0005854800937,0.16,1027,,,,0
3123,A,0.0005854800937,0.15,1028,,,,0
3124,A,0.0005854800937,0.02,1029,,,,0
3125,G,0.1286653261,0.12,1030,,,,0.04567740619
3126,A,0.1286653261,0.19,1031,,,,0.04567740619
3127,G,0.1286653261,0.21,1032,,,,0.04567740619
3128,C,3.526648192,0.67,1033,,,,0.04166666667
3129,C,3.526648192,0.69,1034,,,,0.04166666667
3130,A,3.526648192,0.6,1035,,,,0.04166666667
3131,U,0.7409339467,0.83,1036,,,,0
3132,U,0.7409339467,0.84,1037,,,,0
3133,U,0.7409339467,0.06,1038,,,,0
3134,A,0.007998675755,0.05,1039,,,,0.1353259995
3135,A,0.007998675755,0.02,1040,,,,0.1353259995
3136,A,0.007998675755,0,1041,,,,0.1353259995
3137,A,0.07460826376,0,1042,,,,3.282053237
3138,A,0.07460826376,0.01,1043,,,,3.282053237
3139,U,0.07460826376,0.04,1044,,,,3.282053237
3140,C,0,0.06,1045,,,,0.8902708794
3141,U,0,0.2,1046,,,,0.8902708794
3142,G,0,0.15,1047,,,,0.8902708794
3143,A,0.02730419074,0.01,1048,,,,0.006052679617
3144,A,0.02730419074,0,1049,,,,0.006052679617
3145,A,0.02730419074,0,1050,,,,0.006052679617
3146,A,0.1111111111,0,1051,,,,0.0762386181
3147,C,0.1111111111,0.02,1052,,,,0.0762386181
3148,A,0.1111111111,0.06,1053,,,,0.0762386181
3149,G,0,0.11,1054,,,,0
3150,G,0,0.14,1055,,,,0
3151,A,0,0.05,1056,,,,0
3152,A,0,0.05,1057,,,,0.01474120473
3153,A,0,0.05,1058,,,,0.01474120473
3154,A,0,0.06,1059,,,,0.01474120473
3155,U,0.01785714286,0.14,1060,,,,0
3156,A,0.01785714286,0.13,1061,,,,0
3157,U,0.01785714286,0.05,1062,,,,0
3158,G,0.07563202199,0.04,1063,,,,0
3159,C,0.07563202199,0,1064,,,,0
3160,A,0.07563202199,0.01,1065,,,,0
3161,A,0.4819048782,0.02,1066,,,,0
3162,G,0.4819048782,0.09,1067,,,,0
3163,A,0.4819048782,0.09,1068,,,,0
3164,A,0.430999079,0.01,1069,,,,0
3165,U,0.430999079,0,1070,,,,0
3166,G,0.430999079,0,,,,,0
3167,A,3.482325925,0,1071,,,,0.07487961477
3168,A,3.482325925,0,1072,,,,0.07487961477
3169,G,3.482325925,0,1073,,,,0.07487961477
3170,G,0.7697390934,0,1074,,,,0.4253246753
3171,G,0.7697390934,0.01,1075,,,,0.4253246753
3172,U,0.7697390934,0.62,1077,,,,0.4253246753
3173,G,1.57372216,0.69,1078,,,,0.4563663094
3174,C,1.57372216,0.5,1079,,,,0.4563663094
3175,C,1.57372216,0.09,1080,,,,0.4563663094
3176,C,0,0.44,1081,,,,3.53079965
3177,A,0,0.57,1082,,,,3.53079965
3178,C,0,0.66,1083,,,,3.53079965
3179,A,0.00611507539,0.56,1084,,,,0.7957535737
3180,C,0.00611507539,0.05,1085,,,,0.7957535737
3181,U,0.00611507539,0.06,1086,,,,0.7957535737
3182,A,0,0.05,1087,,,,1.609282997
3183,A,0,0.04,1088,,,,1.609282997
3184,U,0,0.74,1089,,,,1.609282997
3185,G,0.1160714286,0.73,1090,,,,0
3186,A,0.1160714286,0.03,1091,,,,0
3187,U,0.1160714286,0.41,1092,,,,0
3188,G,0.0853829882,0.73,1093,,,,0.0137540306
3189,U,0.0853829882,0.81,1094,,,,0.0137540306
3190,G,0.0853829882,0.76,1095,,,,0.0137540306
3191,A,0.5715535473,0.24,1096,,,,0
3192,A,0.5715535473,0.06,1097,,,,0
3193,A,0.5715535473,0.01,1098,,,,0
3194,C,0.009769759397,0.05,1099,,,,0.1
3195,A,0.009769759397,0.04,1100,,,,0.1
3196,A,0.009769759397,0.03,1101,,,,0.1
3197,U,0.009445110994,0.42,1102,,,,0.09065055326
3198,U,0.009445110994,0.54,1103,,,,0.09065055326
3199,A,0.009445110994,0.32,1104,,,,0.09065055326
3200,A,22.92745276,0.86,1105,,,,0.4831266978
3201,C,22.92745276,0.92,1106,,,,0.4831266978
3202,A,22.92745276,0.1,1107,,,,0.4831266978
3203,G,0.03151718066,0.02,1108,,,,0.007924299029
3204,A,0.03151718066,0.01,1109,,,,0.007924299029
3205,G,0.03151718066,0.02,1110,,,,0.007924299029
3206,G,5.413631498,0.97,1111,,,,0.006597898839
3207,C,5.413631498,0.98,1112,,,,0.006597898839
3208,A,5.413631498,0.12,1113,,,,0.006597898839
3209,G,0.036706165,0.24,1114,,,,21.48827912
3210,U,0.036706165,0.36,1115,,,,21.48827912
3211,A,0.036706165,0.28,1116,,,,21.48827912
3212,C,0.004508196721,0.08,1117,,,,0.02815568076
3213,A,0.004508196721,0.1,1118,,,,0.02815568076
3214,A,0.004508196721,0.08,1119,,,,0.02815568076
3215,A,0.006541500014,0.08,1120,,,,3.523809524
3216,A,0.006541500014,0.04,1121,,,,3.523809524
3217,A,0.006541500014,0,1122,,,,3.523809524
3218,A,1.216456408,0.01,1123,,,,0.03808486452
3219,U,1.216456408,0.02,1124,,,,0.03808486452
3220,A,1.216456408,0.02,1125,,,,0.03808486452
3221,G,1.514505757,0,1126,,,,0.003440366972
3222,C,1.514505757,0,1127,,,,0.003440366972
3223,C,1.514505757,0,1128,,,,0.003440366972
3224,A,3.391141478,0,1129,,,,0.008368861519
3225,C,3.391141478,0,1130,,,,0.008368861519
3226,A,3.391141478,0.02,1131,,,,0.008368861519
3227,G,0.004098360656,0.19,1132,,,,1.274358974
3228,A,0.004098360656,0.34,1133,,,,1.274358974
3229,A,0.004098360656,0.44,1134,,,,1.274358974
3230,A,0.3648020739,0.44,1135,,,,1.509305294
3231,G,0.3648020739,0.44,1136,,,,1.509305294
3232,C,0.3648020739,0.93,1137,,,,1.509305294
3233,A,0.2858503545,1,1138,,,,3.380951329
3234,U,0.2858503545,0.99,1139,,,,3.380951329
3235,A,0.2858503545,0.92,1140,,,,3.380951329
3236,G,0.1390510257,0.02,1141,,,,0
3237,U,0.1390510257,0.02,1142,,,,0
3238,A,0.1390510257,0.01,1143,,,,0
3239,A,0.02551730518,0.01,1144,,,,0.3668720952
3240,U,0.02551730518,0.92,1145,,,,0.3668720952
3241,A,0.02551730518,0.99,1146,,,,0.3668720952
3242,U,Infinity,1,1147,,,,0.1906073122
3243,G,Infinity,0.94,1148,,,,0.1906073122
3244,G,Infinity,0.24,1149,,,,0.1906073122
3245,G,0,0.33,1150,,,,0.1308069022
3246,G,0,0.3,1151,,,,0.1308069022
3247,A,0,0.25,1152,,,,0.1308069022
3248,A,0.01987985181,0.13,1153,,,,0.02784516322
3249,A,0.01987985181,0.34,1154,,,,0.02784516322
3250,G,0.01987985181,0.32,1155,,,,0.02784516322
3251,A,2.661376602,0.24,1156,,,,Infinity
3252,C,2.661376602,0.24,1157,,,,Infinity
3253,U,2.661376602,0.65,1158,,,,Infinity
3254,C,0,0.57,1159,,,,0
3255,C,0,0.51,1160,,,,0
3256,U,0,0.33,1161,,,,0
3257,A,0.01223571867,0.2,1162,,,,0.02211735888
3258,A,0.01223571867,0.16,1163,,,,0.02211735888
3259,A,0.01223571867,0.24,1164,,,,0.02211735888
3260,U,0.003206463737,0.68,1165,,,,2.864694905
3261,U,0.003206463737,0.7,1166,,,,2.864694905
3262,U,0.003206463737,0.81,1167,,,,2.864694905
3263,A,0.6283505374,0.19,1168,,,,0
3264,A,0.6283505374,0.02,1169,,,,0
3265,A,0.6283505374,0.03,1170,,,,0
3266,U,0.004270104818,0.41,1171,,,,0.009551727716
3267,U,0.004270104818,0.51,1172,,,,0.009551727716
3268,A,0.004270104818,0.21,1173,,,,0.009551727716
3269,C,0.001818181818,0.77,1174,,,,0.003908617903
3270,C,0.001818181818,0.79,1175,,,,0.003908617903
3271,C,0.001818181818,0.76,1176,,,,0.003908617903
3272,A,0.2880419601,0.77,1177,,,,0.5825242718
3273,U,0.2880419601,0.78,1178,,,,0.5825242718
3274,A,0.2880419601,0.16,1179,,,,0.5825242718
3275,C,0.3566998684,0.1,1180,,,,0.00275808303
3276,A,0.3566998684,0.01,1181,,,,0.00275808303
3277,A,0.3566998684,0.01,1182,,,,0.00275808303
3278,A,0.01812494518,0.02,1183,,,,0.005102040816
3279,A,0.01812494518,0.06,1184,,,,0.005102040816
3280,G,0.01812494518,0.14,1185,,,,0.005102040816
3281,G,0.01477272727,0.11,1186,,,,0.287136971
3282,A,0.01477272727,0.09,1187,,,,0.287136971
3283,A,0.01477272727,0.05,1188,,,,0.287136971
3284,A,0.0428717875,0.06,1189,,,,0.3525078586
3285,C,0.0428717875,0.19,1190,,,,0.3525078586
3286,A,0.0428717875,0.87,1191,,,,0.3525078586
3287,U,Infinity,0.97,1192,,,,0.01793421534
3288,G,Infinity,0.95,1193,,,,0.01793421534
3289,G,Infinity,0.75,1194,,,,0.01793421534
3290,G,0.4511373639,0.71,1195,,,,0.01388888889
3291,A,0.4511373639,0.11,1196,,,,0.01388888889
3292,A,0.4511373639,0.25,1197,,,,0.01388888889
3293,G,16.54731595,0.23,1198,,,,0.02630855257
3294,C,16.54731595,0.42,1199,,,,0.02630855257
3295,A,16.54731595,0.81,1200,,,,0.02630855257
3296,U,Infinity,0.74,1201,,,,Infinity
3297,G,Infinity,0.63,1202,,,,Infinity
3298,G,Infinity,0.43,1203,,,,Infinity
3299,U,Infinity,0.44,1204,,,,0.5307874401
3300,G,Infinity,0.33,1205,,,,0.5307874401
3301,G,Infinity,0.24,1206,,,,0.5307874401
3302,A,2.001393046,0.19,1207,,,,16.35959781
3303,C,2.001393046,0.06,1208,,,,16.35959781
3304,A,2.001393046,0.04,1209,,,,16.35959781
3305,G,0.5300271612,0.02,1210,,,,Infinity
3306,A,0.5300271612,0.24,1211,,,,Infinity
3307,G,0.5300271612,0.27,1212,,,,Infinity
3308,U,0.0684809041,0.49,1213,,,,Infinity
3309,A,0.0684809041,0.53,1214,,,,Infinity
3310,U,0.0684809041,0.46,1215,,,,Infinity
3311,U,Infinity,0.27,1216,,,,2.059177933
3312,G,Infinity,0.19,1217,,,,2.059177933
3313,G,Infinity,0.02,1218,,,,2.059177933
3314,C,0,0.17,1219,,,,0.7313204245
3315,A,0,0.2,1220,,,,0.7313204245
3316,A,0,0.2,1221,,,,0.7313204245
3317,G,0.006288143561,0.18,1222,,,,0.0625
3318,C,0.006288143561,0.06,1223,,,,0.0625
3319,C,0.006288143561,0.08,1224,,,,0.0625
3320,A,0.01591177456,0.05,1225,,,,Infinity
3321,C,0.01591177456,0.03,1226,,,,Infinity
3322,C,0.01591177456,0.01,1227,,,,Infinity
3323,U,0.03919953883,0.04,1228,,,,0
3324,G,0.03919953883,0.12,1229,,,,0
3325,G,0.03919953883,0.13,1230,,,,0
3326,A,0.006940365655,0.18,1231,,,,0
3327,U,0.006940365655,0.26,1232,,,,0
3328,U,0.006940365655,0.23,1233,,,,0
3329,C,0.001008064516,0.42,1234,,,,0.02496754652
3330,C,0.001008064516,0.42,1235,,,,0.02496754652
3331,U,0.001008064516,0.32,1236,,,,0.02496754652
3332,G,0.006367214142,0.28,1237,,,,Infinity
3333,A,0.006367214142,0.24,1238,,,,Infinity
3334,G,0.006367214142,0.34,1239,,,,Infinity
3335,U,0.0001851966171,0.32,1240,,,,0.003812713178
3336,G,0.0001851966171,0.26,1241,,,,0.003812713178
3337,G,0.0001851966171,0.29,1242,,,,0.003812713178
3338,G,0,0.26,1243,,,,0
3339,A,0,0.2,1244,,,,0
3340,G,0,0.32,1245,,,,0
3341,U,0.2019230769,0.45,1246,,,,0.006880733945
3342,U,0.2019230769,0.38,1247,,,,0.006880733945
3343,U,0.2019230769,0.23,1248,,,,0.006880733945
3344,G,0.7413735616,0.18,1249,,,,0.001302648719
3345,U,0.7413735616,0.1,1250,,,,0.001302648719
3346,C,0.7413735616,0.11,1251,,,,0.001302648719
3347,A,0.1118290258,0.26,1252,,,,0
3348,A,0.1118290258,0.18,1253,,,,0
3349,U,0.1118290258,0.16,1254,,,,0
3350,A,0.003959296031,0.17,1255,,,,0.05
3351,C,0.003959296031,0.08,1256,,,,0.05
3352,C,0.003959296031,0.1,1257,,,,0.05
3353,C,0.003042596349,0.09,1258,,,,0.7000161734
3354,C,0.003042596349,0.06,1259,,,,0.7000161734
3355,U,0.003042596349,0.03,1260,,,,0.7000161734
3356,C,0.006861698768,0.02,1261,,,,0.1111111111
3357,C,0.006861698768,0.01,1262,,,,0.1111111111
3358,C,0.006861698768,0.03,1263,,,,0.1111111111
3359,U,0.0009252041914,0.05,1264,,,,0
3360,U,0.0009252041914,0.89,1265,,,,0
3361,A,0.0009252041914,0.96,1266,,,,0
3362,G,0.3050660293,0.94,1267,,,,0
3363,U,0.3050660293,0.03,1268,,,,0
3364,G,0.3050660293,0.01,1269,,,,0
3365,A,9.53E-05,0.03,1270,,,,0
3366,A,9.53E-05,0.03,1271,,,,0
3367,G,9.53E-05,0.05,1272,,,,0
3368,U,0,0.95,1273,,,,0
3369,U,0,0.97,1274,,,,0
3370,A,0,0.88,1275,,,,0
3371,U,Infinity,0.06,1276,,,,0.3583004582
3372,G,Infinity,0.12,1277,,,,0.3583004582
3373,G,Infinity,0.09,1278,,,,0.3583004582
3374,U,0.0003180661578,0.04,1279,,,,0
3375,A,0.0003180661578,0.02,1280,,,,0
3376,C,0.0003180661578,0.01,1281,,,,0
3377,C,0.3646025147,0.02,1282,,,,0
3378,A,0.3646025147,0.02,1283,,,,0
3379,G,0.3646025147,0.02,1284,,,,0
3380,U,0,0.02,1285,,,,Infinity
3381,U,0,0.02,1286,,,,Infinity
3382,A,0,0.02,1287,,,,Infinity
3383,G,0,0.01,1288,,,,0
3384,A,0,0,1289,,,,0
3385,G,0,0,1290,,,,0
3386,A,0.7489285714,0,1291,,,,0.3385021277
3387,A,0.7489285714,0,1292,,,,0.3385021277
3388,A,0.7489285714,0,1293,,,,0.3385021277
3389,G,0.178793478,0,1294,,,,0
3390,A,0.178793478,0,1295,,,,0
3391,A,0.178793478,0,1296,,,,0
3392,C,0.0009191176471,0,1297,,,,0
3393,C,0.0009191176471,0.01,1298,,,,0
3394,C,0.0009191176471,0.02,1299,,,,0
3395,A,0.007656705925,0.02,1300,,,,0.8546292417
3396,U,0.007656705925,0.02,1301,,,,0.8546292417
3397,A,0.007656705925,0,1302,,,,0.8546292417
3398,A,37.76748305,0.01,1303,,,,0.2238841519
3399,U,37.76748305,0.01,1304,,,,0.2238841519
3400,A,37.76748305,0.93,1305,,,,0.2238841519
3401,G,0.03189284058,0.99,1306,,,,0
3402,G,0.03189284058,0.86,1307,,,,0
3403,A,0.03189284058,0.29,1308,,,,0
3404,G,1.824662058,0.26,1309,,,,0
3405,C,1.824662058,0.02,1310,,,,0
3406,A,1.824662058,0.06,1311,,,,0
3407,G,0.004273504274,0.06,1312,,,,41.0894814
3408,A,0.004273504274,0,1313,,,,41.0894814
3409,A,0.004273504274,0,1314,,,,41.0894814
3410,A,0.003435789781,0,1315,,,,0.03226942549
3411,C,0.003435789781,0.56,1316,,,,0.03226942549
3412,U,0.003435789781,0.91,1317,,,,0.03226942549
3413,U,0.1130893906,0.93,1318,,,,1.333333333
3414,U,0.1130893906,0.27,1319,,,,1.333333333
3415,C,0.1130893906,0.87,1320,,,,1.333333333
3416,U,0.01666666667,0.89,1321,,,,0
3417,A,0.01666666667,0.29,1322,,,,0
3418,U,0.01666666667,0.36,1323,,,,0
3419,G,0.04877145494,0.25,1324,,,,0
3420,U,0.04877145494,0.25,1325,,,,0
3421,A,0.04877145494,0.24,1326,,,,0
3422,G,0.0215472343,0.27,1327,,,,0.1130136986
3423,A,0.0215472343,0.26,1328,,,,0.1130136986
3424,U,0.0215472343,0.66,1329,,,,0.1130136986
3425,G,0.0006868131868,0.64,1330,,,,0
3426,G,0.0006868131868,0.58,1331,,,,0
3427,G,0.0006868131868,0.02,1332,,,,0
3428,G,0.08396169094,0.03,1333,,,,0.1665528492
3429,C,0.08396169094,0.03,1334,,,,0.1665528492
3430,A,0.08396169094,0.07,1335,,,,0.1665528492
3431,G,0.02093942522,0.11,1336,,,,0
3432,C,0.02093942522,0.52,1337,,,,0
3433,C,0.02093942522,0.52,1338,,,,0
3434,A,0.01280575173,0.43,1339,,,,0
3435,A,0.01280575173,0.2,1340,,,,0
3436,U,0.01280575173,0.23,1341,,,,0
3437,A,0.01559412689,0.23,1342,,,,0.1429544791
3438,G,0.01559412689,0.12,1343,,,,0.1429544791
3439,G,0.01559412689,0.12,1344,,,,0.1429544791
3440,G,0.1025675389,0.12,1345,,,,0.0185134454
3441,A,0.1025675389,0,1346,,,,0.0185134454
3442,A,0.1025675389,0,1347,,,,0.0185134454
3443,A,0.03662297516,0,1348,,,,0.02118644068
3444,C,0.03662297516,0.01,1349,,,,0.02118644068
3445,U,0.03662297516,0.01,1350,,,,0.02118644068
3446,A,0.1020245091,0,1351,,,,0.005442176871
3447,A,0.1020245091,0,1352,,,,0.005442176871
3448,A,0.1020245091,0.01,1353,,,,0.005442176871
3449,U,0.2270889734,0.02,1354,,,,0.1082402235
3450,U,0.2270889734,0.03,1355,,,,0.1082402235
3451,A,0.2270889734,0.37,1356,,,,0.1082402235
3452,G,0.005986915127,0.85,1357,,,,0.01920429272
3453,G,0.005986915127,0.68,1358,,,,0.01920429272
3454,A,0.005986915127,0.23,1359,,,,0.01920429272
3455,A,0.3167157043,0.1,1360,,,,0.1273356401
3456,A,0.3167157043,0.1,1361,,,,0.1273356401
3457,A,0.3167157043,0.05,1362,,,,0.1273356401
3458,G,0.01470588235,0.15,1363,,,,0.1743258125
3459,C,0.01470588235,0.46,1364,,,,0.1743258125
3460,A,0.01470588235,0.45,1365,,,,0.1743258125
3461,G,0,0.03,1366,,,,0
3462,G,0,0.16,1367,,,,0
3463,A,0,0.16,1368,,,,0
3464,U,0.015625,0.08,1369,,,,0.189254766
3465,A,0.015625,0.09,1370,,,,0.189254766
3466,U,0.015625,0.54,1371,,,,0.189254766
3467,G,0.008652927686,0.5,1372,,,,0
3468,U,0.008652927686,0.59,1373,,,,0
3469,A,0.008652927686,0.44,1374,,,,0
3470,A,0.0009615384615,0.05,1375,,,,0
3471,C,0.0009615384615,0.77,1376,,,,0
3472,U,0.0009615384615,0.78,1377,,,,0
3473,G,1.20670873,0.03,1378,,,,0
3474,A,1.20670873,0.04,1379,,,,0
3475,C,1.20670873,0.05,1380,,,,0
3476,A,0.9573709597,0.05,1381,,,,0.01395734542
3477,G,0.9573709597,0.04,1382,,,,0.01395734542
3478,A,0.9573709597,0.05,1383,,,,0.01395734542
3479,G,0.0008168421783,0.05,1384,,,,0
3480,G,0.0008168421783,0.03,1385,,,,0
3481,A,0.0008168421783,0.01,1386,,,,0
3482,A,1.149090071,0.02,1387,,,,0.837962963
3483,G,1.149090071,0.02,1388,,,,0.837962963
3484,A,1.149090071,0.03,1389,,,,0.837962963
3485,C,0.002071893041,0.07,1390,,,,0.8672488709
3486,A,0.002071893041,0.07,1391,,,,0.8672488709
3487,A,0.002071893041,0.01,1392,,,,0.8672488709
3488,A,0.002230760182,0.01,1393,,,,0.005610199987
3489,A,0.002230760182,0.01,1394,,,,0.005610199987
3490,A,0.002230760182,0.01,1395,,,,0.005610199987
3491,G,0.4096688881,0.05,1396,,,,1.08058738
3492,U,0.4096688881,0.28,1397,,,,1.08058738
3493,U,0.4096688881,0.3,1398,,,,1.08058738
3494,G,0.552244897,0.29,1399,,,,0.005023191891
3495,U,0.552244897,0.49,1400,,,,0.005023191891
3496,C,0.552244897,0.51,1401,,,,0.005023191891
3497,C,7.846118996,0.51,1402,,,,0.002284080397
3498,C,7.846118996,0.42,1403,,,,0.002284080397
3499,C,7.846118996,0.76,1404,,,,0.002284080397
3500,C,0.228032,0.78,1405,,,,0.3670889364
3501,U,0.228032,0.8,1406,,,,0.3670889364
3502,A,0.228032,0.8,1407,,,,0.3670889364
3503,A,0.4061345806,0.79,1408,,,,0.5727089654
3504,C,0.4061345806,0.27,1409,,,,0.5727089654
3505,G,0.4061345806,0.95,1410,,,,0.5727089654
3506,G,0.6606977483,0.96,1411,,,,8.052862105
3507,A,0.6606977483,0.82,1412,,,,8.052862105
3508,C,0.6606977483,0.52,1413,,,,8.052862105
3509,A,0.002793037459,0.49,1414,,,,0.2572387006
3510,C,0.002793037459,0.51,1415,,,,0.2572387006
3511,A,0.002793037459,0.52,1416,,,,0.2572387006
3512,A,0.001016260163,0.47,1417,,,,0.4428112081
3513,C,0.001016260163,0.49,1418,,,,0.4428112081
3514,A,0.001016260163,0.51,1419,,,,0.4428112081
3515,A,0,0.41,1420,,,,1.111111111
3516,A,0,0.43,1421,,,,1.111111111
3517,U,0,0.86,1422,,,,1.111111111
3518,C,0,0.87,1423,,,,0.006756756757
3519,A,0,0.83,1424,,,,0.006756756757
3520,G,0,0.09,1425,,,,0.006756756757
3521,A,0.02075341808,0.01,1426,,,,0.007692307692
3522,A,0.02075341808,0.02,1427,,,,0.007692307692
3523,G,0.02075341808,0.02,1428,,,,0.007692307692
3524,A,6.704687228,0.01,1429,,,,0
3525,C,6.704687228,0.1,1430,,,,0
3526,U,6.704687228,0.93,1431,,,,0
3527,G,0.0001830161054,0.97,1432,,,,0
3528,A,0.0001830161054,0.88,1433,,,,0
3529,G,0.0001830161054,0.6,1434,,,,0
3530,U,0.004393119002,0.71,1435,,,,0.04312896406
3531,U,0.004393119002,0.79,1436,,,,0.04312896406
3532,A,0.004393119002,0.76,1437,,,,0.04312896406
3533,C,2.77862541,0.4,1438,,,,4.375
3534,A,2.77862541,0.4,1439,,,,4.375
3535,A,2.77862541,0.45,1440,,,,4.375
3536,G,0.009259259259,0.48,1441,,,,0.001315789474
3537,C,0.009259259259,0.5,1442,,,,0.001315789474
3538,A,0.009259259259,0.84,1443,,,,0.001315789474
3539,A,0.2110092195,0.9,1444,,,,0
3540,U,0.2110092195,0.85,1445,,,,0
3541,U,0.2110092195,0.84,1446,,,,0
3542,C,1.137016352,0.85,1447,,,,3.893731803
3543,A,1.137016352,0.85,1448,,,,3.893731803
3544,U,1.137016352,0.27,1449,,,,3.893731803
3545,C,0.008548547878,0.86,1450,,,,0
3546,U,0.008548547878,0.96,1451,,,,0
3547,A,0.008548547878,0.89,1452,,,,0
3548,G,0.0006711409396,0.07,1453,,,,0.209184219
3549,C,0.0006711409396,0.05,1454,,,,0.209184219
3550,U,0.0006711409396,0.06,1455,,,,0.209184219
3551,U,0.0003310714161,0.11,1456,,,,1.420834427
3552,U,0.0003310714161,0.19,1457,,,,1.420834427
3553,G,0.0003310714161,0.18,1458,,,,1.420834427
3554,C,0.02028192816,0.02,1459,,,,0.004385391784
3555,A,0.02028192816,0.01,1460,,,,0.004385391784
3556,G,0.02028192816,0.01,1461,,,,0.004385391784
3557,G,0.004132231405,0.06,1462,,,,0
3558,A,0.004132231405,0.09,1463,,,,0
3559,U,0.004132231405,0.13,1464,,,,0
3560,U,0.001381978994,0.14,1465,,,,0
3561,C,0.001381978994,0.17,1466,,,,0
3562,G,0.001381978994,0.12,1467,,,,0
3563,G,2.196460467,0.06,1468,,,,0.02283914809
3564,G,2.196460467,0.06,1469,,,,0.02283914809
3565,A,2.196460467,0.05,1470,,,,0.02283914809
3566,U,4.18200883,0.4,1471,,,,0.01923076923
3567,U,4.18200883,0.6,1472,,,,0.01923076923
3568,A,4.18200883,0.49,1473,,,,0.01923076923
3569,G,0.1131649381,0.38,1474,,,,0.002242152466
3570,A,0.1131649381,0.27,1475,,,,0.002242152466
3571,A,0.1131649381,0.23,1476,,,,0.002242152466
3572,G,0.04347423523,0.21,1477,,,,2.009665831
3573,U,0.04347423523,0.63,1478,,,,2.009665831
3574,A,0.04347423523,0.49,1479,,,,2.009665831
3575,A,0.0001803751804,0.14,1480,,,,7.53798937
3576,A,0.0001803751804,0.07,1481,,,,7.53798937
3577,C,0.0001803751804,0.05,1482,,,,7.53798937
3578,A,0.7153915368,0.15,1483,,,,0.1218439485
3579,U,0.7153915368,0.56,1484,,,,0.1218439485
3580,A,0.7153915368,0.54,1485,,,,0.1218439485
3581,G,0.002896427406,0.37,1486,,,,0
3582,U,0.002896427406,0.44,1487,,,,0
3583,G,0.002896427406,0.19,1488,,,,0
3584,A,1.833333333,0.19,1489,,,,0
3585,C,1.833333333,0.18,1490,,,,0
3586,A,1.833333333,0.08,1491,,,,0
3587,G,0,0.5,1492,,,,0
3588,A,0,0.68,1493,,,,0
3589,C,0,0.89,1494,,,,0
3590,U,0,0.91,1495,,,,0.00961692265
3591,C,0,0.69,1496,,,,0.00961692265
3592,A,0,0.36,1497,,,,0.00961692265
3593,C,0.0007817383152,0.3,1498,,,,Infinity
3594,A,0.0007817383152,0.66,1499,,,,Infinity
3595,A,0.0007817383152,0.86,1500,,,,Infinity
3596,U,0.0125,0.91,1501,,,,0
3597,A,0.0125,0.15,1502,,,,0
3598,U,0.0125,0.2,1503,,,,0
3599,G,0.2727272727,0.11,1504,,,,0
3600,C,0.2727272727,0.03,1505,,,,0
3601,A,0.2727272727,0.83,1506,,,,0
3602,U,0.006905222061,0.93,1507,,,,0
3603,U,0.006905222061,0.81,1508,,,,0
3604,G,0.006905222061,0.05,1509,,,,0
3605,G,0,0.09,1510,,,,0
3606,G,0,0.52,1511,,,,0
3607,A,0,0.51,1512,,,,0
3608,A,0.00190082697,0.55,1513,,,,0.1666666667
3609,U,0.00190082697,0.59,1514,,,,0.1666666667
3610,C,0.00190082697,0.4,1515,,,,0.1666666667
3611,A,0.02351625851,0.37,1516,,,,0.003455352655
3612,U,0.02351625851,0.77,1517,,,,0.003455352655
3613,U,0.02351625851,0.84,1518,,,,0.003455352655
3614,C,0.71203752,0.59,1519,,,,0
3615,A,0.71203752,0.28,1520,,,,0
3616,A,0.71203752,0.06,1521,,,,0
3617,G,0.4714429341,0.06,1522,,,,0
3618,C,0.4714429341,0.12,1523,,,,0
3619,A,0.4714429341,0.15,1524,,,,0
3620,C,0.08628444518,0.17,1525,,,,0.03031138055
3621,A,0.08628444518,0.04,1526,,,,0.03031138055
3622,A,0.08628444518,0.01,1527,,,,0.03031138055
3623,C,0,0.07,1528,,,,0.6772494719
3624,C,0,0.15,1529,,,,0.6772494719
3625,A,0,0.13,1530,,,,0.6772494719
3626,G,0.6680608535,0.17,1531,,,,0.4714285714
3627,A,0.6680608535,0.17,1532,,,,0.4714285714
3628,U,0.6680608535,0.06,1533,,,,0.4714285714
3629,A,0.0900498918,0.05,1534,,,,0.07852935927
3630,A,0.0900498918,0.21,1535,,,,0.07852935927
3631,G,0.0900498918,0.22,1536,,,,0.07852935927
3632,A,0,0.06,1537,,,,0
3633,G,0,0.41,1538,,,,0
3634,U,0,0.8,1539,,,,0
3635,G,0.0158045977,0.78,1540,,,,0.7128867998
3636,A,0.0158045977,0.56,1541,,,,0.7128867998
3637,A,0.0158045977,0.58,1542,,,,0.7128867998
3638,U,0.002946681956,0.74,1543,,,,0.0871493803
3639,C,0.002946681956,0.47,1544,,,,0.0871493803
3640,A,0.002946681956,0.23,1545,,,,0.0871493803
3641,G,0.2913370639,0.23,1546,,,,0
3642,A,0.2913370639,0.17,1547,,,,0
3643,G,0.2913370639,0.49,1548,,,,0
3644,U,1.740116196,0.62,1549,,,,0.02083333333
3645,U,1.740116196,0.94,1550,,,,0.02083333333
3646,A,1.740116196,0.63,1551,,,,0.02083333333
3647,G,0.002318177922,0.35,1552,,,,0
3648,U,0.002318177922,0.39,1553,,,,0
3649,C,0.002318177922,0.14,1554,,,,0
3650,A,1.64133938,0.17,1555,,,,0.3252335744
3651,G,1.64133938,0.14,1556,,,,0.3252335744
3652,U,1.64133938,0.09,1557,,,,0.3252335744
3653,C,0.01475327096,0.09,1558,,,,1.559736395
3654,A,0.01475327096,0.05,1559,,,,1.559736395
3655,A,0.01475327096,0.12,1560,,,,1.559736395
3656,A,0.06596546643,0.19,1561,,,,0
3657,U,0.06596546643,0.57,1562,,,,0
3658,A,0.06596546643,0.51,1563,,,,0
3659,A,0.08795395524,0.48,1564,,,,1.045046575
3660,U,0.08795395524,0.65,1565,,,,1.045046575
3661,A,0.08795395524,0.28,1566,,,,1.045046575
3662,G,0.000637755102,0.15,1567,,,,0.01162373878
3663,A,0.000637755102,0.08,1568,,,,0.01162373878
3664,G,0.000637755102,0.07,1569,,,,0.01162373878
3665,C,0.1422230031,0.06,1570,,,,0
3666,A,0.1422230031,0.06,1571,,,,0
3667,G,0.1422230031,0.63,1572,,,,0
3668,U,0.006314839874,0.89,1573,,,,0
3669,U,0.006314839874,0.93,1574,,,,0
3670,A,0.006314839874,0.68,1575,,,,0
3671,A,9.50072661,0.25,1576,,,,0
3672,U,9.50072661,0.58,1577,,,,0
3673,A,9.50072661,0.43,1578,,,,0
3674,A,0.4572160555,0.1,1579,,,,0.1386454289
3675,A,0.4572160555,0.23,1580,,,,0.1386454289
3676,A,0.4572160555,0.19,1581,,,,0.1386454289
3677,A,0,0.04,1582,,,,0
3678,A,0,0.03,1583,,,,0
3679,G,0,0.03,1584,,,,0
3680,G,0.09270834941,0.06,1585,,,,13.28480685
3681,A,0.09270834941,0.12,1586,,,,13.28480685
3682,A,0.09270834941,0.14,1587,,,,13.28480685
3683,A,0.03872003856,0.08,1588,,,,0.5811565352
3684,A,0.03872003856,0.1,1589,,,,0.5811565352
3685,A,0.03872003856,0.09,1590,,,,0.5811565352
3686,G,0.1003386173,0.67,1591,,,,0
3687,U,0.1003386173,0.69,1592,,,,0
3688,C,0.1003386173,0.12,1593,,,,0
3689,U,0.0003488203229,0.87,1594,,,,0.15
3690,A,0.0003488203229,0.89,1595,,,,0.15
3691,C,0.0003488203229,0.9,1596,,,,0.15
3692,C,0.01162863384,0.92,1597,,,,0.03969694325
3693,U,0.01162863384,0.53,1598,,,,0.03969694325
3694,G,0.01162863384,0.05,1599,,,,0.03969694325
3695,G,7.510638298,0.03,1600,,,,0.06634447436
3696,C,7.510638298,0.01,1601,,,,0.06634447436
3697,A,7.510638298,0.01,1602,,,,0.06634447436
3698,U,Infinity,0.09,1603,,,,0
3699,G,Infinity,0.54,1604,,,,0
3700,G,Infinity,0.88,1605,,,,0
3701,G,0,0.9,1606,,,,0.00542193982
3702,U,0,0.89,1607,,,,0.00542193982
3703,A,0,0.78,1608,,,,0.00542193982
3704,C,0.0008547008547,0.04,1609,,,,21.25
3705,C,0.0008547008547,0.05,1610,,,,21.25
3706,A,0.0008547008547,0.08,1611,,,,21.25
3707,G,0.0008992805755,0.07,1612,,,,Infinity
3708,C,0.0008992805755,0.1,1613,,,,Infinity
3709,A,0.0008992805755,0.71,1614,,,,Infinity
3710,C,0.0001828246868,0.68,1615,,,,0
3711,A,0.0001828246868,0.05,1616,,,,0
3712,C,0.0001828246868,0.03,1617,,,,0
3713,A,0.001448479758,0.01,1618,,,,0
3714,A,0.001448479758,0.01,1619,,,,0
3715,A,0.001448479758,0.01,1620,,,,0
3716,G,0,0.01,1621,,,,0.007042253521
3717,G,0,0.01,1622,,,,0.007042253521
3718,A,0,0.01,1623,,,,0.007042253521
3719,A,0.001050670281,0.56,1624,,,,0
3720,U,0.001050670281,0.94,1625,,,,0
3721,U,0.001050670281,0.96,1626,,,,0
3722,G,0.01249884263,0.3,1627,,,,0.003787878788
3723,G,0.01249884263,0.03,1628,,,,0.003787878788
3724,A,0.01249884263,0.01,1629,,,,0.003787878788
3725,G,0.002065733112,0.01,1630,,,,0
3726,G,0.002065733112,0.01,1631,,,,0
3727,A,0.002065733112,0.05,1632,,,,0
3728,A,0.01388888889,0.5,1633,,,,0.004144882933
3729,A,0.01388888889,0.51,1634,,,,0.004144882933
3730,U,0.01388888889,0.51,1635,,,,0.004144882933
3731,G,0.03416194826,0.03,1636,,,,0.04166666667
3732,A,0.03416194826,0.11,1637,,,,0.04166666667
3733,A,0.03416194826,0.46,1638,,,,0.04166666667
3734,C,0.7356763263,0.62,1639,,,,0
3735,A,0.7356763263,0.36,1640,,,,0
3736,A,0.7356763263,0.4,1641,,,,0
3737,G,6.523648649,0.12,1642,,,,0
3738,U,6.523648649,0.58,1643,,,,0
3739,A,6.523648649,0.49,1644,,,,0
3740,G,0.001016260163,0.24,1645,,,,0.07167365612
3741,A,0.001016260163,0.05,1646,,,,0.07167365612
3742,U,0.001016260163,0.04,1647,,,,0.07167365612
3743,G,0.1143177361,0.02,1648,,,,0.8181818182
3744,G,0.1143177361,0.05,1649,,,,0.8181818182
3745,G,0.1143177361,0.28,1650,,,,0.8181818182
3746,U,0.0002652260943,0.63,1651,,,,5.682228916
3747,U,0.0002652260943,0.84,1652,,,,5.682228916
3748,G,0.0002652260943,0.62,1653,,,,5.682228916
3749,G,0,0.46,1654,,,,0
3750,U,0,0.59,1655,,,,0
3751,C,0,0.23,1656,,,,0
3752,A,0,0.2,1657,,,,0.1258687259
3753,G,0,0.19,1658,,,,0.1258687259
3754,U,0,0.17,1659,,,,0.1258687259
3755,G,11.77191663,0.02,1660,,,,0
3756,C,11.77191663,0.02,1661,,,,0
3757,U,11.77191663,1,1662,,,,0
3758,G,0.92891369,1,1663,,,,0
3759,G,0.92891369,0.01,1664,,,,0
3760,A,0.92891369,0.01,1665,,,,0
3761,A,0.04925294049,0.01,1666,,,,0
3762,U,0.04925294049,0.02,1667,,,,0
3763,C,0.04925294049,1,1668,,,,0
3764,A,0,1,1669,,,,7.629877582
3765,G,0,0.02,1670,,,,7.629877582
3766,G,0,0.02,1671,,,,7.629877582
3767,A,0.7228809853,0.02,1672,,,,0.9707385381
3768,A,0.7228809853,0.02,1673,,,,0.9707385381
3769,A,0.7228809853,0.02,1674,,,,0.9707385381
3770,G,0.09032449977,0.02,1675,,,,Infinity
3771,U,0.09032449977,0.16,1676,,,,Infinity
3772,A,0.09032449977,0.16,1677,,,,Infinity
3773,C,,0.58,1678,,,,
3774,U,,0.84,1679,,,,
3775,A,,0.83,1680,,,,
